"wavelength","1","2"
350,0.315214063430074,0.371139229128093
351,0.32416532750546,0.369825752933169
352,0.319358385651862,0.357829969000771
353,0.307040358189025,0.365838110407609
354,0.309030351074103,0.36640144080377
355,0.318648861832285,0.365232133139143
356,0.322862534541882,0.371755255892658
357,0.316143975189536,0.373101822808419
358,0.31357975927716,0.370443245090601
359,0.318627146662862,0.365465785537545
360,0.311285739102011,0.357467263929656
361,0.305182947102276,0.356334887831705
362,0.30393313092617,0.361259705651909
363,0.305827279974454,0.364821897736621
364,0.308749337326139,0.362010503205691
365,0.309069354871036,0.358203809804862
366,0.304967747404819,0.358631303616447
367,0.301759653513445,0.358011964779946
368,0.304116003635022,0.357226329400659
369,0.310261630460548,0.357277475860702
370,0.308828067985971,0.359579611102586
371,0.304189824868762,0.358889890709237
372,0.299989795573954,0.356836565993085
373,0.30003848260242,0.358085558531295
374,0.305969116879313,0.360497579882171
375,0.309354829444457,0.359636336383735
376,0.304697529542675,0.354107435065636
377,0.301870830993585,0.354281351752424
378,0.300777549400296,0.353859949361085
379,0.300750383658347,0.351699961069022
380,0.300818561281745,0.353825976839264
381,0.300191993963902,0.353108801718062
382,0.299168554258651,0.351904265309399
383,0.298495331274718,0.355096731652981
384,0.297571379531074,0.353240250642881
385,0.297181797080203,0.351089929867699
386,0.297781715767017,0.352233396517959
387,0.298729520644012,0.350641484032265
388,0.297732064133748,0.350974509976773
389,0.295804898428214,0.353399373259156
390,0.29778416797355,0.352953980647742
391,0.299533174568286,0.354642696879178
392,0.300058313087048,0.356746469974905
393,0.299586938836034,0.355692743297927
394,0.300258733956815,0.352977369851078
395,0.299715627813407,0.351923344372393
396,0.297015221248385,0.353417479864461
397,0.296412216219956,0.351121516827975
398,0.296910701918953,0.349384331717341
399,0.297966087314719,0.349907665064904
400,0.299632761888182,0.352049308293903
401,0.298985566074266,0.351647469004422
402,0.297525435934312,0.350517882540328
403,0.297929252230899,0.35197889706902
404,0.298029539400696,0.352043826268557
405,0.298013214691298,0.351324323202942
406,0.298089902948555,0.350706620696373
407,0.297681708740429,0.349996167383166
408,0.297131524134629,0.350222779819553
409,0.296440063024427,0.35091283623942
410,0.295079772983744,0.349737203173369
411,0.295498460799632,0.350442132829104
412,0.296823493757376,0.351842693711695
413,0.29708533991003,0.351297179364035
414,0.296621019866186,0.350564735590894
415,0.296539742537294,0.350527447738266
416,0.297236371165211,0.351306226401283
417,0.29649009160636,0.351199818570805
418,0.296206491260369,0.351008036185702
419,0.296577643754058,0.351139473549961
420,0.295361126442137,0.351568107460238
421,0.295927844505365,0.351741838056699
422,0.297561531614229,0.351817796179501
423,0.29795019634354,0.352203084436486
424,0.297889353674943,0.352070041145962
425,0.297655957919377,0.351842154946039
426,0.297344963430066,0.352003506517683
427,0.296419174905488,0.352478008757211
428,0.296101310612266,0.352912298755705
429,0.296739403969258,0.353146036017263
430,0.297395786910464,0.353248582897047
431,0.297594120850111,0.353684552041674
432,0.297424992831678,0.354151595503254
433,0.297355274560006,0.35392994612017
434,0.297439316774814,0.353953744473673
435,0.297684192521597,0.35410024414734
436,0.298016758640525,0.354097492557492
437,0.298046211684558,0.354166241106882
438,0.298491442793962,0.354493954459431
439,0.299410125894326,0.355013679800442
440,0.299284499115809,0.355139533310765
441,0.299183467899631,0.355087009431589
442,0.299317315439777,0.355058800907446
443,0.299278594682448,0.355291166049884
444,0.299635472695819,0.355668612420681
445,0.300025449015163,0.356034069291741
446,0.299964562211558,0.356248984912401
447,0.300501014413795,0.356505754382743
448,0.300982997940423,0.356827372229419
449,0.300935178903118,0.357136164938282
450,0.300852385985633,0.357059579464426
451,0.301222969405935,0.357247833703357
452,0.301909829697856,0.357745300583021
453,0.301974691965341,0.357863718615905
454,0.302090052630572,0.357901884911338
455,0.302363074946994,0.358015569729299
456,0.302656936061532,0.358307427288211
457,0.302435620418956,0.358491660890546
458,0.302220329896489,0.358577335026103
459,0.302526735262174,0.358629965950432
460,0.303068538672415,0.358664227933436
461,0.303241956199873,0.358864324502383
462,0.303007869343398,0.359232282767083
463,0.303392116828868,0.359446112758963
464,0.303664754453568,0.359589620074667
465,0.303696989724002,0.359624268335339
466,0.303707361628373,0.359453855729857
467,0.303865679463254,0.359724811416894
468,0.303984292444447,0.360043201368455
469,0.30385980708227,0.359865884531459
470,0.303980871565332,0.359795079734299
471,0.304072216240531,0.359818007952925
472,0.303994108862873,0.359858771140976
473,0.304187994777811,0.359830957543991
474,0.304288189428585,0.359926950283947
475,0.304216816332219,0.360050079713614
476,0.304186900288694,0.359727540386648
477,0.304355394169425,0.359800004421907
478,0.304549980983397,0.360065524650022
479,0.30448661432622,0.359930124902157
480,0.304747966382028,0.35985304485927
481,0.304777428136273,0.359873791481618
482,0.304193637883405,0.359989126280076
483,0.304111491428797,0.360396638394565
484,0.304380063170128,0.360546454858922
485,0.304758080868962,0.360365067414369
486,0.304956720327497,0.360756617843618
487,0.304855022905623,0.360791313728492
488,0.304678485178507,0.36045844606429
489,0.304936769214446,0.360351672154351
490,0.304990800419369,0.360432484779373
491,0.304850000016999,0.360564875731384
492,0.304723088580102,0.360585718061216
493,0.304830826919637,0.360558565647694
494,0.304943521546143,0.360470583604602
495,0.304948008869392,0.360379371671922
496,0.305248610256251,0.360569815474132
497,0.305496277642932,0.360911538626285
498,0.305583385713194,0.361223590975779
499,0.305691779523699,0.361205689192218
500,0.305819939667524,0.361231966132235
501,0.305937619771886,0.361342610044747
502,0.305995839322259,0.361426341665802
503,0.306127759967068,0.361389373473295
504,0.306236926348544,0.361381179414516
505,0.306237791034905,0.361541391291861
506,0.306358137633444,0.361695078503341
507,0.306527086699234,0.361751234340736
508,0.306654794669027,0.361700600373487
509,0.306640737672019,0.361680298562409
510,0.30659066141272,0.361703719774808
511,0.306575327817122,0.361712914188678
512,0.306646426868769,0.361556851023579
513,0.306791064192586,0.361601296609289
514,0.306939240025942,0.361849558774109
515,0.307007436460416,0.36213561736778
516,0.307082669394444,0.362040304907519
517,0.307155327602176,0.361820564209012
518,0.307221123082927,0.361780881123684
519,0.307384060168448,0.361980438199907
520,0.307407071208091,0.362074229198896
521,0.307293371996557,0.361946459113217
522,0.307519638881253,0.361863817061856
523,0.307671092292534,0.361911544496372
524,0.307659915108092,0.361999790096306
525,0.307595123206266,0.361888449430857
526,0.307847205091506,0.362019589749839
527,0.308210383080763,0.362292262516656
528,0.308343075950736,0.362458786367402
529,0.308465623943254,0.362529587294214
530,0.308572813026374,0.362627249932748
531,0.308678454455959,0.36280736165807
532,0.308945077835216,0.362859750423696
533,0.309279288899325,0.362895218158929
534,0.309601403416413,0.36301872127751
535,0.309842831112016,0.363373003746703
536,0.310017074480009,0.363664815401884
537,0.310200473608406,0.363797277635502
538,0.31051478417271,0.363783880019392
539,0.310894057928243,0.364176369376657
540,0.311245912600666,0.364633985046754
541,0.311516114345891,0.364709170994908
542,0.311957237828435,0.364906599051481
543,0.312462623877231,0.36519926508639
544,0.312914850318914,0.365527495506772
545,0.31322950622797,0.365900667165991
546,0.31366954807676,0.366267588228325
547,0.314251797938675,0.366627179987133
548,0.314680566805353,0.367047004737516
549,0.315167985290671,0.367417688547362
550,0.315727979738298,0.367790610204005
551,0.316293935284954,0.368286733113612
552,0.316918374150567,0.368707819316591
553,0.317544910375333,0.369082946941536
554,0.318097882244626,0.369482447629808
555,0.31849344242318,0.369894181966817
556,0.319001549437591,0.370350954553025
557,0.319727164526598,0.370859056977439
558,0.320330742497408,0.371359362174281
559,0.321006267871096,0.371878556967076
560,0.321750517470228,0.372382551458875
561,0.322350340212047,0.372752774664846
562,0.323011935656968,0.373302453667352
563,0.323780758169285,0.373955423023733
564,0.324626064922198,0.374476072762131
565,0.325347180930948,0.375004005123054
566,0.325986139829614,0.375513970444948
567,0.32662499503057,0.375980624017716
568,0.327258636515107,0.376515396575641
569,0.327933828788378,0.377047056234494
570,0.328641948471733,0.377514283196037
571,0.329235723515456,0.377865722981679
572,0.329906160017423,0.378319358523235
573,0.330621726136188,0.37885728739722
574,0.331140407980263,0.379238982590383
575,0.331701306552881,0.379650737384673
576,0.332362695556553,0.380106358678559
577,0.333101889433978,0.380557300904937
578,0.333719284118923,0.380937874741474
579,0.334275305411765,0.381337907977223
580,0.334880687930512,0.381848651066709
581,0.335654206152801,0.382473623324254
582,0.336445383025573,0.383098542804686
583,0.337167401535283,0.383611282197335
584,0.337863269550072,0.383863462454005
585,0.338526677068702,0.384163111232349
586,0.339083278578323,0.384545769114441
587,0.339400785399451,0.384863591060166
588,0.339522974759611,0.384855032400523
589,0.339496623914648,0.384580194920951
590,0.339394725240047,0.384230904422536
591,0.339431515609051,0.383992904934316
592,0.339541057934209,0.383864225676624
593,0.339687279702294,0.383849776775501
594,0.340123586620148,0.38412499950967
595,0.340731973041218,0.384623589120581
596,0.341351304660603,0.385176038866279
597,0.341737852687538,0.385406820665348
598,0.341897731875082,0.385437194090081
599,0.341899127663639,0.385352778686352
600,0.341890442130129,0.385258347545137
601,0.342237319447233,0.385454141856792
602,0.342722864856042,0.385831947240045
603,0.343000638219724,0.386168061934105
604,0.343524675074142,0.386644501746871
605,0.344080638738356,0.387045172149915
606,0.34445796366062,0.387211185448351
607,0.344725487974977,0.387303019743725
608,0.34498630638361,0.387404451198744
609,0.345316091477227,0.387587630861808
610,0.345794425928456,0.387956738064288
611,0.346073820945173,0.388137926533282
612,0.34613671367024,0.388138650014351
613,0.346155263615782,0.388181243188378
614,0.345927311781191,0.387923443762943
615,0.345606175546746,0.38743298626029
616,0.345400378191178,0.38691269428726
617,0.345246523503426,0.386667862891024
618,0.345126593182242,0.386554966386649
619,0.344954689650194,0.386352821685104
620,0.344448233910016,0.385743417861867
621,0.343696396306731,0.384939823369359
622,0.342958747011256,0.384247071953749
623,0.342769795551056,0.384152818065781
624,0.342617599887477,0.384287720808329
625,0.342435309302855,0.384338195493015
626,0.342349894599857,0.384012221332507
627,0.342313776415015,0.383850300089437
628,0.342446954178046,0.383953265833868
629,0.342798892335426,0.384247556697606
630,0.342935130110748,0.384349580178541
631,0.343009211055084,0.384331269370549
632,0.343140448710255,0.384268051793301
633,0.343299183667962,0.384160487537568
634,0.343470028022588,0.384071501426465
635,0.343640302327967,0.384034391125618
636,0.343799447574307,0.384062763367026
637,0.343924498050561,0.384038916730092
638,0.344036248933965,0.384002750950005
639,0.344173955798887,0.384043086583872
640,0.344379078932225,0.384093137846579
641,0.344570183491841,0.384139403420231
642,0.344691778324998,0.384181500327445
643,0.344861515242801,0.38423362448498
644,0.344997227798522,0.384309003527491
645,0.345079231859294,0.384394114192311
646,0.345209531822772,0.384419124715478
647,0.34531090420065,0.384488871692378
648,0.345368079927898,0.384547703096932
649,0.345401584456947,0.384429440153451
650,0.345448130419754,0.384355641862202
651,0.345538649333547,0.384385921869193
652,0.345675496778323,0.384494523034761
653,0.345691048793458,0.384402637324575
654,0.345619706152056,0.384221067843857
655,0.345547481296336,0.384110007612327
656,0.345648811151929,0.384276183045345
657,0.345745943086527,0.384324741891915
658,0.345783673557121,0.384147479006081
659,0.345861421309215,0.383990193725331
660,0.34597110715915,0.383896967273868
661,0.346062057430604,0.383873790691001
662,0.346062057675929,0.383889954050378
663,0.346098807609588,0.383913357002101
664,0.346212397170709,0.383922759222847
665,0.34639201058103,0.383905230710541
666,0.346487999454298,0.383855033024325
667,0.346553366860211,0.383843190993103
668,0.346631217692475,0.383880308020877
669,0.34672089990273,0.383836850406497
670,0.346755014353605,0.383761991061315
671,0.346755007608396,0.383698994840727
672,0.346823430728702,0.383695689839072
673,0.346982160067157,0.383779633489274
674,0.347139725574035,0.383853475930251
675,0.347176479515074,0.383791163625045
676,0.347192772226421,0.383693537200958
677,0.347252867674403,0.383673953971336
678,0.347374844309074,0.383761078236845
679,0.347441194282351,0.383696265924947
680,0.347518968504722,0.383616147224983
681,0.347616135700394,0.383576019657193
682,0.347646845663032,0.383501999021224
683,0.347628725345564,0.383434915174449
684,0.347600791851791,0.38335896403208
685,0.347616016792327,0.383230778926998
686,0.34749628853231,0.383061781504672
687,0.347432242399964,0.382974953487998
688,0.347596910944485,0.383037151254035
689,0.347578644901883,0.382877289652966
690,0.347476731813167,0.382603207959548
691,0.347404497291389,0.382358445026948
692,0.34743243445544,0.382312908969915
693,0.347440596667909,0.382208289741678
694,0.347437740745969,0.38203188186631
695,0.347547198591856,0.381984744119456
696,0.347690330981328,0.381927603664407
697,0.34778643463145,0.381872922830103
698,0.34778411917953,0.381869481072889
699,0.347939710415542,0.381818461079381
700,0.348164928896459,0.38187456574754
701,0.348373438536204,0.382139036176718
702,0.348642504699868,0.382472337655692
703,0.348976874674253,0.382737547024806
704,0.349351162136572,0.382918969635093
705,0.349687055840203,0.383146976921912
706,0.350131638804124,0.383554121594112
707,0.350641395306643,0.384065699104753
708,0.351088695093032,0.384500001738723
709,0.351618121807099,0.384974827697911
710,0.352138528858953,0.385460812773415
711,0.352572811010116,0.385920021844687
712,0.353113617909701,0.386380590017091
713,0.353691054871521,0.386944012951969
714,0.354262293336063,0.387604862706368
715,0.354855290864062,0.388139453306743
716,0.355462763007455,0.388739800768997
717,0.356049668380497,0.38941008637914
718,0.356559493058693,0.390035371090778
719,0.357125506511139,0.390543321498052
720,0.357740730935879,0.391029552782551
721,0.358363228283675,0.391615454310338
722,0.35901039684992,0.392259192181055
723,0.359590862195236,0.392841172926854
724,0.360084781349417,0.393335128359793
725,0.360664793712146,0.393965099061067
726,0.361177401952064,0.394471063666606
727,0.36165311800214,0.394895443556601
728,0.362291974578468,0.395557508577953
729,0.362734298947928,0.396065439127262
730,0.363131576793745,0.396458939535791
731,0.363753044299768,0.396906734722984
732,0.3643148975001,0.39737790240504
733,0.364894847281567,0.397939769725324
734,0.36553068373457,0.398577606200063
735,0.366016492931115,0.399024423039072
736,0.366512297599544,0.399396997788572
737,0.367016816127628,0.399767779986342
738,0.367337649717747,0.400167756321806
739,0.367827417775231,0.400659969974165
740,0.368432290108975,0.401194196485397
741,0.368949272570058,0.401672143440026
742,0.36942472666475,0.402058316364109
743,0.369862911294694,0.402485618178916
744,0.370283620919976,0.403012589542313
745,0.370768104009943,0.403370131986266
746,0.371242567479467,0.403712244809523
747,0.371667652835755,0.404101971175411
748,0.372033138556717,0.404480008135099
749,0.372531873245866,0.405021343297324
750,0.373134719436904,0.405623809951917
751,0.373709313430535,0.406074834079787
752,0.374170469694043,0.406423672065541
753,0.374664992448963,0.406813748927687
754,0.375269236578453,0.407315569794938
755,0.375670880846213,0.407687131181217
756,0.376025476139705,0.408029661060355
757,0.376408708401512,0.40843912819331
758,0.37678531261682,0.409026735491886
759,0.377193512459881,0.409462993364288
760,0.377622570329236,0.409838412047763
761,0.378048306897552,0.410401804167622
762,0.378557469243346,0.410884372179882
763,0.379107885599981,0.41127430662349
764,0.379637801372016,0.411627459678421
765,0.380095549458469,0.412104873997178
766,0.380513378590579,0.412417131676132
767,0.380939465055667,0.412570659630507
768,0.381452719129163,0.412965035699289
769,0.381948914423254,0.413372232185326
770,0.382344437769573,0.413745343871999
771,0.382590387831247,0.414093459472223
772,0.382924588817145,0.414346886251384
773,0.38336475832142,0.414710640942567
774,0.383871435119668,0.415283403258761
775,0.384351343885229,0.415724199215639
776,0.384836827121206,0.416117918627371
777,0.38531634936825,0.416519529812965
778,0.385722114329272,0.416954611762772
779,0.386232230318797,0.417418858501419
780,0.38671399520539,0.417823275850217
781,0.386985566317567,0.418093209583355
782,0.3874956128704,0.418569138947448
783,0.388115423699591,0.419107977076533
784,0.388661454941715,0.419551135964698
785,0.388971289119448,0.419841259648045
786,0.389342125465933,0.420157971791683
787,0.38982082124876,0.420569132079093
788,0.390232149661581,0.421045343641282
789,0.390637930123067,0.421394560423558
790,0.39106078071148,0.421722003954196
791,0.39150861505245,0.422178053646804
792,0.391944849008476,0.422563571635067
793,0.39239722387454,0.422953958360127
794,0.392875878495004,0.423407784059832
795,0.393330103880309,0.4239135825455
796,0.393908307462265,0.424416957303562
797,0.394500062933338,0.42486441557743
798,0.394833997555113,0.425204664062986
799,0.395186406838653,0.425467826751466
800,0.39556472848742,0.42574212596665
801,0.395960670189758,0.426112747969551
802,0.396578452875116,0.426602824747407
803,0.397171742042854,0.427103966041358
804,0.397581081032675,0.427532867904487
805,0.397754003111543,0.427827918556149
806,0.398166894619739,0.428233052911413
807,0.39874565207025,0.428715106310465
808,0.399185544122172,0.429127355454094
809,0.399622536332465,0.429549016595988
810,0.400101677267567,0.429979816279415
811,0.400608845974286,0.430405286581667
812,0.400963159326702,0.430775009227623
813,0.401458498338521,0.43130272632956
814,0.402097494882865,0.431927688524377
815,0.402615465419906,0.432333539162293
816,0.403086159105642,0.432799021705579
817,0.403526257179006,0.433269436765133
818,0.403947419290495,0.433625360134368
819,0.404369581458782,0.433895237232885
820,0.404802491208672,0.434230381353596
821,0.405264359507514,0.434719250105498
822,0.405809986132233,0.435381784160248
823,0.406252640977877,0.435747208855109
824,0.406615224842208,0.435948971120019
825,0.40703369283051,0.436402577129816
826,0.407615330458224,0.43681600316391
827,0.408209777623434,0.437269071691541
828,0.408712739453961,0.437841286029964
829,0.40930915531454,0.438486735074278
830,0.409804278626404,0.438942468308447
831,0.410189535782311,0.439215523456112
832,0.410628562114258,0.439567895515222
833,0.411166091642266,0.440098642773156
834,0.411710531479411,0.440671120026829
835,0.412153611927816,0.44110854779932
836,0.412525570395034,0.441447395617734
837,0.412984249485962,0.441761046991284
838,0.413545258989218,0.442109573472657
839,0.413989851372887,0.442534721016104
840,0.414492013749812,0.44297854470557
841,0.415000835123994,0.443454943898136
842,0.415417508787183,0.444003914920554
843,0.416063865299007,0.444650052739256
844,0.416647218514815,0.445169009187388
845,0.417015284637899,0.445475726888898
846,0.417502894529979,0.445851925689498
847,0.41808788222816,0.446365998139332
848,0.41868026503042,0.446871742821835
849,0.419136393270807,0.447098051125597
850,0.419512856380973,0.447497335243212
851,0.419949743197878,0.448037427078713
852,0.420501221061478,0.448577493773232
853,0.420858682980286,0.448944981272804
854,0.42135928994444,0.449329752268628
855,0.421998670149289,0.449781114610808
856,0.422440132884929,0.450210492510191
857,0.422844411566825,0.450673405541641
858,0.423307781850933,0.451102348191041
859,0.423866306289542,0.451455936373854
860,0.424338061698088,0.451952126288284
861,0.424823234762674,0.452523310387412
862,0.425339524069933,0.453057393001397
863,0.425780724891401,0.45339276382367
864,0.426201626369858,0.45369926115727
865,0.426726946152755,0.454140426394324
866,0.42742312776295,0.454792422102041
867,0.427835589463129,0.455201798119177
868,0.428280726426106,0.455669959638356
869,0.42886637796912,0.456248235244242
870,0.429251065207221,0.456457728904718
871,0.429593825790055,0.456636717624933
872,0.430023664243945,0.456990207904303
873,0.43063216832085,0.457622792765887
874,0.431216190328686,0.458192861608266
875,0.431835612524292,0.458813652384748
876,0.432477790616526,0.459467271947285
877,0.432924091698515,0.45973500406799
878,0.433276628580751,0.460123219471953
879,0.433671470252466,0.460617468086907
880,0.434237720741491,0.460990268308173
881,0.434762355262175,0.461416801209734
882,0.435168859227181,0.461810414809368
883,0.435500480683743,0.462184715485822
884,0.436018943633377,0.462875981727038
885,0.436642909199041,0.463487099668124
886,0.437232949717279,0.463898534328608
887,0.437644450879604,0.464160916144841
888,0.438171914338499,0.464541629904408
889,0.438662739516795,0.464919382607556
890,0.439051465910365,0.46525544575093
891,0.439620330112113,0.465860483236954
892,0.440176656215183,0.466351158470129
893,0.440682946824517,0.466781874779459
894,0.441167881199126,0.46739797305226
895,0.441509352558056,0.467885594543101
896,0.441984681127821,0.468345986823396
897,0.442669227041581,0.468848573140889
898,0.443053763342004,0.469251017026811
899,0.44351236394269,0.469736414284628
900,0.444052387916439,0.470222909590756
901,0.444527120666219,0.470534500231215
902,0.445052834235751,0.470931492104881
903,0.445625687810857,0.471428122209525
904,0.446209615592039,0.471991958233572
905,0.446722456686132,0.472573047188238
906,0.447275062165316,0.473087076899757
907,0.447870091138293,0.473546586154426
908,0.448456791529529,0.474005865402799
909,0.448971434979917,0.474395492780889
910,0.449472904078143,0.474950511838161
911,0.449974205374507,0.475637178098279
912,0.450385182368538,0.475898026180394
913,0.450748053193981,0.476122519386668
914,0.451124502816361,0.476481613619064
915,0.451593599183312,0.477040743068242
916,0.452273325611154,0.477689786800484
917,0.452938591336912,0.478317262301175
918,0.453522331192675,0.478868687597395
919,0.454210734449263,0.479366431961637
920,0.454781760820278,0.479848623974722
921,0.455203323675185,0.480295687349611
922,0.455529254197881,0.48069589266649
923,0.455890906211233,0.481181876397557
924,0.456315404624515,0.481472271107112
925,0.45683561938488,0.481700092996792
926,0.457485580187708,0.482401768331849
927,0.457971000429262,0.482895945105815
928,0.458492394619228,0.483394983863913
929,0.4592243221548,0.484140328194305
930,0.459888679666483,0.484816708595677
931,0.460493568986176,0.485432817226524
932,0.461071274379726,0.486018832547511
933,0.461671401950568,0.486616620255604
934,0.462261497674029,0.487130988176578
935,0.462849482058149,0.487668702914195
936,0.463421617645092,0.488253584880907
937,0.463910377866453,0.488666296842297
938,0.464290539463048,0.48903763125483
939,0.464726395456376,0.489410301631288
940,0.465402272633135,0.489816573714956
941,0.466054209852047,0.490411648820486
942,0.466725910504918,0.491046754300249
943,0.467380480978071,0.491648119806324
944,0.467850919307348,0.492270073608427
945,0.468478324149233,0.492841395189849
946,0.469025495417805,0.4932934976594
947,0.469275623313767,0.493609928257311
948,0.469608758251154,0.493903144102698
949,0.470303027385709,0.494444716345773
950,0.471174798988013,0.495226967032905
951,0.471745409131678,0.496018458772639
952,0.472371785366591,0.496637084362029
953,0.472897653203689,0.497094087264028
954,0.473313315724599,0.497476126424903
955,0.474052254688452,0.497930888019195
956,0.474607343142032,0.498483250283917
957,0.47506190531653,0.499042256036582
958,0.475622716152749,0.499480788786859
959,0.475925309540906,0.49975398456576
960,0.476336715536739,0.500119432677281
961,0.4769417370586,0.500639715348167
962,0.477517462836475,0.501169972716339
963,0.478077073451984,0.501699776243505
964,0.478658034466027,0.502187461342863
965,0.479279042590086,0.502654558900884
966,0.479890321478865,0.50328888779203
967,0.480516126192233,0.503901898637685
968,0.480955324241609,0.504363206642604
969,0.481059329014366,0.504658886215411
970,0.481524409772625,0.505304908249482
971,0.48218626550653,0.505813214690924
972,0.48283620099579,0.506066019885967
973,0.483307454634657,0.506409571156036
974,0.483879581601461,0.506753977455057
975,0.484432210056395,0.507229081801933
976,0.484880637344891,0.507854667731686
977,0.485435544357161,0.508278820838984
978,0.485939044347379,0.508780806750427
979,0.486387202669782,0.509350197307729
980,0.486844554563655,0.509858830965439
981,0.487397295654779,0.510227834112111
982,0.48792726380088,0.510593442620295
983,0.488402925839895,0.511043590999807
984,0.48888654909181,0.511596748884018
985,0.489314706993266,0.512160022525858
986,0.489781488064301,0.512649798719455
987,0.490346084826538,0.513077258820915
988,0.490953026554908,0.513639511115027
989,0.491464836160385,0.513965125242418
990,0.492014721469825,0.514394258915687
991,0.492689393070577,0.515219255220268
992,0.492966534960251,0.5155343598699
993,0.493435426943982,0.515932250862071
994,0.494133045616151,0.51649620866559
995,0.494734964600415,0.516988644119911
996,0.495414208217312,0.517733766305884
997,0.496025106740725,0.518377258003903
998,0.496538056479669,0.51880949218776
999,0.497108106213294,0.519324836434929
1000,0.497754827157485,0.519854827558833
1001,0.497754827157485,0.519854827558833
1002,0.498222917506223,0.520239733447148
1003,0.498661092461305,0.520743006984376
1004,0.499070789244581,0.521338849427985
1005,0.499588732761888,0.5218282219176
1006,0.500153393895256,0.522255330549909
1007,0.500665446529205,0.522805731315367
1008,0.501307281621247,0.523420599994833
1009,0.501896410674827,0.52391535277915
1010,0.502460022491393,0.524420064205388
1011,0.502936563377894,0.524963622149574
1012,0.503392522409932,0.525299545225346
1013,0.50375070873658,0.525613385398846
1014,0.504173060425563,0.526042450559535
1015,0.504668342341256,0.526566653742887
1016,0.505102082314669,0.527074099875969
1017,0.505614561309502,0.527530070345048
1018,0.506143629286583,0.52803809715382
1019,0.506575694091845,0.528563542734882
1020,0.507136879599728,0.52901207168975
1021,0.507888582855526,0.529409179667386
1022,0.508493438929652,0.529928200897891
1023,0.509062288564401,0.530419407713248
1024,0.509623181438035,0.531014444544232
1025,0.510116737387089,0.5317740280608
1026,0.510704759228487,0.532494669186636
1027,0.511130691759528,0.533036212967892
1028,0.511639354219666,0.533589046799775
1029,0.512334070650229,0.534177403780349
1030,0.512745829956253,0.534632679843107
1031,0.513216434871988,0.535160461534061
1032,0.513692370784557,0.535743175223083
1033,0.514250928575934,0.536333464738473
1034,0.514777638642877,0.536969759079918
1035,0.515368179539074,0.537507043496183
1036,0.516167352727869,0.538004828232736
1037,0.516744319738711,0.538520151834702
1038,0.517122076722209,0.538948529910687
1039,0.517630540389456,0.539396429096328
1040,0.518176110054331,0.539840763586203
1041,0.518640135180531,0.540460381868956
1042,0.51917739475828,0.540862194980095
1043,0.519780317006892,0.54123945401684
1044,0.520132260991406,0.541719154024107
1045,0.520542225847582,0.542175752554303
1046,0.52095106017335,0.542569903099848
1047,0.521291880579593,0.542896404391024
1048,0.521699711805668,0.543368925227068
1049,0.522174852840659,0.54389066591564
1050,0.522594621870188,0.54431070038544
1051,0.522958448428422,0.544798406934957
1052,0.523429465450665,0.545246925660577
1053,0.523950060810305,0.54556839794519
1054,0.524457132757374,0.545934056652639
1055,0.525074371634213,0.546340813334089
1056,0.52559235306817,0.546780625225478
1057,0.526069466170993,0.547235934645712
1058,0.526490400305919,0.547639052529286
1059,0.52687628208216,0.548116986490174
1060,0.527209248517899,0.548519138777608
1061,0.52768485986965,0.548895287921627
1062,0.528236482962212,0.549181657892703
1063,0.528712280433849,0.549555975266763
1064,0.529289965817556,0.549944308544659
1065,0.529741723826981,0.550355283295056
1066,0.529988406972613,0.550779266813112
1067,0.530432809201987,0.551218054227458
1068,0.530998707025044,0.551731771812182
1069,0.531441541507855,0.552145556051076
1070,0.53189226818704,0.552466069127929
1071,0.532352723924482,0.552900781518207
1072,0.53265413705752,0.553298769169186
1073,0.533115459526295,0.553765357904661
1074,0.533734521965655,0.554351408530703
1075,0.534329405459872,0.554946618627939
1076,0.534828957664997,0.555469179149432
1077,0.535406559464408,0.556050140366016
1078,0.535967653982077,0.556590943477083
1079,0.536496152101698,0.557074090195542
1080,0.537021960743395,0.557674868993732
1081,0.537592099192862,0.558341320218115
1082,0.538118585118461,0.558929123901628
1083,0.538569419495988,0.559587118817187
1084,0.53905898960962,0.560152621638628
1085,0.539560594826285,0.560567406529489
1086,0.540080164119124,0.561104468509792
1087,0.540628658417088,0.56168248347294
1088,0.541144018425691,0.562250422875766
1089,0.541620725795928,0.56281303540336
1090,0.542152479494626,0.563434531464632
1091,0.542721664596731,0.564112516528091
1092,0.54322755943221,0.564751449260354
1093,0.54377565463824,0.565388195479936
1094,0.544375549839094,0.566087046433741
1095,0.544970160409471,0.566706794271959
1096,0.54557158369434,0.5672482317281
1097,0.546124799801754,0.567839637567871
1098,0.546678297578254,0.568409562905831
1099,0.547230400655202,0.569034406655878
1100,0.547738694591965,0.5697006001467
1101,0.548257749405864,0.570344918954723
1102,0.548783348435222,0.571028156292335
1103,0.549334807580941,0.571684410030124
1104,0.549886398789672,0.572368678626964
1105,0.550432528655439,0.572959778109116
1106,0.551041473317561,0.573438263762062
1107,0.551597268945101,0.574005116065783
1108,0.552120776179452,0.574589212138599
1109,0.552582470950177,0.575102144028523
1110,0.553118626262264,0.575688965622411
1111,0.553659193061204,0.576363157370193
1112,0.554217891256586,0.576996429358823
1113,0.554856216570316,0.577608486989413
1114,0.555388673997179,0.578237174081907
1115,0.555877753049715,0.57892210330683
1116,0.556365436742192,0.57953148049567
1117,0.556732204371745,0.580075970309044
1118,0.557248197922813,0.58066752112475
1119,0.557927779526115,0.581277006698124
1120,0.55844510431045,0.581846165353226
1121,0.558919985167004,0.582407426792362
1122,0.559436229471931,0.582976324008299
1123,0.55987335420835,0.58352096609459
1124,0.560316504219989,0.584054962516077
1125,0.560779347409274,0.58458885958324
1126,0.561341223560164,0.585165223644305
1127,0.561797505492142,0.585660690190134
1128,0.56218354202771,0.586116456804414
1129,0.562588782851081,0.586547725207775
1130,0.562996930444563,0.586951052095649
1131,0.563385216281583,0.587325170757407
1132,0.563741815668392,0.58766599255712
1133,0.564109088160981,0.5879893266507
1134,0.564505743090373,0.588261488178737
1135,0.564838297394733,0.588566657719313
1136,0.565114745119997,0.588870348286624
1137,0.565425674361847,0.589168999844728
1138,0.565700245987277,0.589495823038197
1139,0.566005959059606,0.589788890619164
1140,0.566414863827044,0.590023375829483
1141,0.566716217239646,0.590305417702478
1142,0.566973825526539,0.590600788295569
1143,0.567200991665716,0.59090998824349
1144,0.567398550349404,0.591188853456626
1145,0.567477192554498,0.591499521733341
1146,0.567712983604855,0.591747502580793
1147,0.56803965390418,0.591954143495957
1148,0.568259864414387,0.592143129283078
1149,0.568504527280463,0.592271737988542
1150,0.568711924296258,0.59247243840907
1151,0.568801860731515,0.592700329116652
1152,0.568987104395428,0.592885462241615
1153,0.569271612052763,0.593091729926049
1154,0.569466633275554,0.593289131724372
1155,0.569631246218398,0.593440800185954
1156,0.569797573301719,0.593600590653054
1157,0.569883446823799,0.593783233832738
1158,0.570039155681139,0.593958418076796
1159,0.570275796344467,0.59413161019802
1160,0.570460054156266,0.594275755768562
1161,0.57063558290478,0.594407542282617
1162,0.570827990796704,0.594537475082879
1163,0.570983799036887,0.594663022818228
1164,0.571096777137775,0.594755322450225
1165,0.571220264096592,0.594873523542451
1166,0.571323657022474,0.595000857190205
1167,0.5714691291705,0.595143340429427
1168,0.571622794458331,0.595286864360895
1169,0.571774217745683,0.595439702983136
1170,0.571987095794058,0.595640195513142
1171,0.572127018298916,0.595795033986695
1172,0.572206470703119,0.595917986130279
1173,0.572314334398675,0.596053321101131
1174,0.572401031097171,0.596182813845595
1175,0.57250133889167,0.59630569727081
1176,0.572607244284274,0.596424190399699
1177,0.57272994458989,0.596552359753812
1178,0.572885809273346,0.59670886525196
1179,0.573005542078736,0.596801608224788
1180,0.573118420057474,0.596907751011665
1181,0.573241191409652,0.597015939360956
1182,0.573353360766027,0.597132049520657
1183,0.573432393593798,0.597224559689308
1184,0.573533862467884,0.597350507958961
1185,0.573626807998495,0.597494760901832
1186,0.573761967148929,0.597646024981073
1187,0.573923382199552,0.597797822709425
1188,0.574076228146983,0.597977748325115
1189,0.574253816661646,0.598197893828295
1190,0.574439024644614,0.598399277985024
1191,0.574582633685246,0.598572545861165
1192,0.574789139110166,0.598805665144176
1193,0.575049342266931,0.599057407123142
1194,0.575318491348428,0.599330986599062
1195,0.575642060722924,0.599700793162058
1196,0.575941271982378,0.600007120528086
1197,0.576262084930484,0.600267683577814
1198,0.576533663355586,0.600534540437112
1199,0.576826806616654,0.60086109154291
1200,0.577096437065644,0.601187101636323
1201,0.577407665485463,0.601545890543285
1202,0.577744236640715,0.601979384208935
1203,0.578076679180002,0.602362243869424
1204,0.578415241702145,0.602711948196863
1205,0.578773976641905,0.603097143380405
1206,0.579130722181262,0.603483977443363
1207,0.579514645965262,0.603912244514382
1208,0.579916469812294,0.604358027592239
1209,0.580347361045026,0.604835690089787
1210,0.58080446999127,0.605381528677869
1211,0.581275576558815,0.60588393338202
1212,0.581791831256429,0.606369078492228
1213,0.582289573028391,0.606889211333471
1214,0.582782253317907,0.607387818544654
1215,0.583285324007462,0.60792687476199
1216,0.583775195618022,0.608530265175762
1217,0.584299178066448,0.609119853659741
1218,0.584844199430438,0.609671471948644
1219,0.585353885580989,0.610255234581388
1220,0.585930990163579,0.610858424793794
1221,0.586541591407433,0.611460061598529
1222,0.587158056972276,0.612083649315559
1223,0.587841662616494,0.612765588564259
1224,0.588450761166212,0.613384803742584
1225,0.589022537486292,0.613968681001906
1226,0.589612818142582,0.614582003890087
1227,0.590165542319161,0.615190180384484
1228,0.590761780033489,0.615803696442091
1229,0.591402396132959,0.616424604314471
1230,0.592018817619242,0.617057165679882
1231,0.592651363926063,0.617707915186574
1232,0.593252856501339,0.618332742656988
1233,0.59384364196544,0.618981499313156
1234,0.594412833994217,0.619590109201974
1235,0.594933374924042,0.620149684502589
1236,0.595491036542752,0.620712337038625
1237,0.596064727075803,0.621285749862276
1238,0.596588435175758,0.621835528787953
1239,0.597151504212561,0.622463019571432
1240,0.59771597190035,0.623077483702013
1241,0.598231080150986,0.62363327624907
1242,0.598705173640656,0.624185507315716
1243,0.599222290932435,0.624717410254341
1244,0.599709654813472,0.62516683256791
1245,0.600230070223445,0.625679119661535
1246,0.600810807937681,0.626200843352536
1247,0.601341158235039,0.626748908938299
1248,0.601865003560349,0.627356437661128
1249,0.60236719776921,0.627898225590954
1250,0.602816258441347,0.628425984737877
1251,0.603311742314461,0.628964126690407
1252,0.603830524681619,0.629448851270288
1253,0.604323552411735,0.629965923405175
1254,0.604841780426916,0.630557433783235
1255,0.605335964528871,0.631080043293594
1256,0.605785293336875,0.631554140642744
1257,0.606244108483959,0.632045352087152
1258,0.606756373823463,0.632550774874321
1259,0.607210973801838,0.633007314998607
1260,0.607671717813389,0.633460097065599
1261,0.608170543199887,0.633956229796874
1262,0.608600156356458,0.634445082925716
1263,0.609027964015255,0.63493231003007
1264,0.609477946743775,0.635420708990363
1265,0.609944042898934,0.635953096451841
1266,0.610358730834879,0.636424259854974
1267,0.610753821294346,0.636851715461811
1268,0.611179431953059,0.6373028611642
1269,0.61155863325329,0.637740748686899
1270,0.611984161717283,0.638188691597081
1271,0.612465272834075,0.638640886278478
1272,0.612941235974189,0.639092982443732
1273,0.613438555437872,0.63955342218432
1274,0.613904125823846,0.640008152499027
1275,0.614373978633328,0.640440208554917
1276,0.614834037778226,0.640912424134091
1277,0.615250870319332,0.641434474609773
1278,0.615695435536628,0.641905549654471
1279,0.616173784472327,0.642408660483685
1280,0.616613617655413,0.642826933633809
1281,0.617077731942838,0.643221775292105
1282,0.617540804228969,0.643614855749426
1283,0.61795128990275,0.644004985556243
1284,0.618377822385485,0.644442869618471
1285,0.61880531003782,0.644857040260205
1286,0.619171548124411,0.6452099200372
1287,0.619515263981925,0.645535953430358
1288,0.619824400425208,0.64580930218111
1289,0.620171134089061,0.646115963810326
1290,0.620504785016971,0.6464130086986
1291,0.620827795684513,0.646698844569023
1292,0.621149472086692,0.646976087983658
1293,0.621510412540038,0.647281133640527
1294,0.621886476732662,0.647602634799153
1295,0.622217985821248,0.647878753569898
1296,0.622572913144669,0.648161845965102
1297,0.622927760799584,0.648444506946606
1298,0.623221260036213,0.648660773703645
1299,0.623546946834992,0.648918161931028
1300,0.623921059681787,0.649210792200116
1301,0.624282471876445,0.649510724691796
1302,0.624636500528919,0.649810318798251
1303,0.624982566316857,0.650135456048615
1304,0.625324112726557,0.650465950253305
1305,0.62568315506205,0.650852843767776
1306,0.626004179239193,0.65119330761756
1307,0.626310052526923,0.651452633885395
1308,0.626663090400013,0.651735493151347
1309,0.627002241515418,0.652026545494432
1310,0.627318296779737,0.652359511118633
1311,0.627692253892818,0.652779179256276
1312,0.628051770292265,0.653145336648704
1313,0.628420643208224,0.653506709275927
1314,0.628754557298156,0.653884045743176
1315,0.629072396039311,0.654258253314789
1316,0.629401060382828,0.654627182621553
1317,0.629702494757107,0.655031340861257
1318,0.630016401379071,0.655402279570871
1319,0.630359620709865,0.655721447361684
1320,0.630695318559014,0.656072854328042
1321,0.631019976967958,0.656441974224353
1322,0.631336593081303,0.656801941507382
1323,0.631671628400763,0.657183731729676
1324,0.63197153572139,0.657522730818852
1325,0.632252292429933,0.657828381165155
1326,0.632509620287951,0.65814379236207
1327,0.632745956040929,0.658448805764691
1328,0.63295790903019,0.658742774317294
1329,0.633174680815584,0.659022073692538
1330,0.633367561986681,0.65924953850625
1331,0.633564511248565,0.659444886300139
1332,0.633731184906595,0.659635504314896
1333,0.633858108633163,0.659827881116074
1334,0.633989676525512,0.659988702745819
1335,0.634061600171434,0.66010358720296
1336,0.634102582374805,0.660197345972917
1337,0.634129065588689,0.660243326141588
1338,0.634110220487158,0.660276589419425
1339,0.634113958941998,0.660284547385281
1340,0.63415612920837,0.660268660966022
1341,0.634108503643127,0.660213647719415
1342,0.634038805523774,0.660150177287658
1343,0.633922340966106,0.66000827898763
1344,0.633730352778882,0.659789276028383
1345,0.633523350822259,0.659601526464378
1346,0.633301142912523,0.659399357996946
1347,0.633040039897799,0.659145934057574
1348,0.632729455915264,0.658885779019849
1349,0.632410071589265,0.658588940174353
1350,0.632028026748483,0.658213372346344
1351,0.631701775042434,0.657850309491163
1352,0.631419693913311,0.657479544919047
1353,0.631075960974311,0.657108346132803
1354,0.630709952717152,0.656688991889012
1355,0.630386986696013,0.656344322008812
1356,0.630009585345607,0.656028432638578
1357,0.629634009937345,0.655674172706041
1358,0.629304646373286,0.655355439258733
1359,0.628922543219571,0.654997921758349
1360,0.628582471898933,0.654627568894012
1361,0.628292444530459,0.654345851906385
1362,0.628003493354719,0.654033862286029
1363,0.627766439008045,0.653708236995139
1364,0.627510450075806,0.65341486431482
1365,0.627187536721145,0.653089984817095
1366,0.626870213907222,0.652742803407406
1367,0.626560057777628,0.652361832291852
1368,0.626222711619591,0.652050562493566
1369,0.625794956793577,0.651739827328352
1370,0.625524949219376,0.65144127473322
1371,0.625342939387088,0.651216879711295
1372,0.625101634653732,0.65092555567691
1373,0.624934836996822,0.650582981030392
1374,0.624706790823101,0.650273831557442
1375,0.624405371020184,0.649962759753496
1376,0.624123336316753,0.649666838840777
1377,0.623862075021815,0.649389140344363
1378,0.623577783304607,0.649091731744475
1379,0.623269870264647,0.64883728549111
1380,0.622959730373299,0.648511245557141
1381,0.622649284912224,0.648126409085007
1382,0.622313453475587,0.647742387273062
1383,0.621995009539316,0.647356426092335
1384,0.621601411302112,0.646896210889484
1385,0.621098441903977,0.646364734828977
1386,0.620607457183469,0.64587299881616
1387,0.620033058666017,0.645303970350526
1388,0.619380993992082,0.644616028488976
1389,0.618726831438603,0.643912190126335
1390,0.618006324649575,0.643164306897843
1391,0.617236221602395,0.642350548381924
1392,0.61645204705972,0.64152010795042
1393,0.615606016496516,0.640608547686296
1394,0.614680848887285,0.639612148577896
1395,0.613702753237387,0.638578214695244
1396,0.612636136681707,0.637430742802003
1397,0.611463969052173,0.63620127309342
1398,0.610225259279795,0.63492127422556
1399,0.608884878058908,0.633497169887516
1400,0.607441436176184,0.631929895193814
1401,0.605890035270868,0.630294290528772
1402,0.604246069701714,0.628587393746099
1403,0.602515789366599,0.626728484174479
1404,0.600713376587511,0.624768305514064
1405,0.598749959839131,0.622690247206615
1406,0.596670132032898,0.620478758778032
1407,0.594503242377062,0.618168007090888
1408,0.59219230667553,0.615749832791013
1409,0.589801344424741,0.613223096869077
1410,0.58732338481922,0.610549804502281
1411,0.584800859810378,0.60786741879704
1412,0.582137723955852,0.605093710471948
1413,0.579505591378095,0.602299330587369
1414,0.576885621001825,0.599470792824302
1415,0.574172178223806,0.596586450310289
1416,0.571393630706718,0.593621009298547
1417,0.568610835026407,0.590702094871807
1418,0.565785319397163,0.587730279837189
1419,0.563042701042813,0.584748646178434
1420,0.560358766113404,0.581829177021198
1421,0.557692311399529,0.578935107604381
1422,0.555044552250717,0.576048037584393
1423,0.552416620483941,0.57325203430028
1424,0.549853364931506,0.57056600830724
1425,0.547360104088443,0.567881553404265
1426,0.544925707136604,0.565218514110363
1427,0.542582595699199,0.56268140040171
1428,0.540370232780335,0.560236149170013
1429,0.538263037607102,0.557849950377673
1430,0.536218221335075,0.555587263876914
1431,0.534263196665673,0.55344448850741
1432,0.532415079222397,0.551378284210814
1433,0.530660701572561,0.549434954643039
1434,0.529036949144248,0.547634851299441
1435,0.527564405331202,0.546017970098487
1436,0.526167639956535,0.544440278038361
1437,0.524852934110625,0.54292128597575
1438,0.523659520569706,0.541573991402774
1439,0.522585981076819,0.540360430945161
1440,0.521582925200891,0.539235932570169
1441,0.52067296801283,0.538233151654538
1442,0.519867655742101,0.537335704091574
1443,0.519152635814976,0.536536505061131
1444,0.518529611092442,0.535821314772907
1445,0.518024322497837,0.53523555700525
1446,0.517563449452592,0.534712744847037
1447,0.517182421909641,0.534258484079152
1448,0.516855660809235,0.533881309739397
1449,0.516581083133178,0.533616607415055
1450,0.516391862014747,0.533377868959453
1451,0.516286597009728,0.533179569746795
1452,0.516213404341673,0.533045389396603
1453,0.51621971721336,0.53298674947847
1454,0.51625469128912,0.532944170152198
1455,0.516339750496959,0.532946871077583
1456,0.516432392116003,0.533010827801704
1457,0.516537583071348,0.533050755287102
1458,0.516698446647511,0.533127788084868
1459,0.516897977201994,0.533270583000245
1460,0.517077486703637,0.533434442921664
1461,0.517279714038389,0.533610746560854
1462,0.517520056867468,0.533794485865935
1463,0.517759870204334,0.533999594797613
1464,0.518020910317388,0.53423241294294
1465,0.518344456298571,0.534547453397231
1466,0.518703404613326,0.534927030802555
1467,0.519060618080311,0.535303528522951
1468,0.519463118870938,0.535667774462222
1469,0.519881880842856,0.536003495945023
1470,0.520264473450498,0.536338442581631
1471,0.520660408329233,0.53672867447308
1472,0.521113349838682,0.537145007907198
1473,0.521565760707873,0.537537209601298
1474,0.522007428543884,0.5379635848254
1475,0.522441965051884,0.538414024681918
1476,0.522830026423484,0.538822282588766
1477,0.523294836973765,0.539276438462461
1478,0.52381282418354,0.539801470312843
1479,0.524283201293733,0.540257572671946
1480,0.524796639958302,0.540708170500428
1481,0.525242808072967,0.541125466641197
1482,0.52562814759147,0.541487022865347
1483,0.526016623322876,0.541879826513457
1484,0.526369522103738,0.542255114230329
1485,0.526755341462327,0.542652007127247
1486,0.527143370343173,0.54308667329261
1487,0.527521401462341,0.543486240803645
1488,0.527913159080129,0.543877293144554
1489,0.528309135794544,0.544263254313459
1490,0.528677955046216,0.544626473742508
1491,0.529072212479222,0.544999696748861
1492,0.529473358017262,0.545359078106769
1493,0.529926676205653,0.545752568240488
1494,0.530436083096052,0.546168706272236
1495,0.530898177462353,0.546581002710866
1496,0.531374757352761,0.547005115198681
1497,0.53185530471401,0.547444621548762
1498,0.532289518014955,0.547876875634492
1499,0.53276098841321,0.54832629591384
1500,0.533284187087623,0.548833317331233
1501,0.533772037701238,0.549288819326528
1502,0.534268761725744,0.549722684287684
1503,0.534741891306694,0.550168494519443
1504,0.535168007716756,0.550569928182014
1505,0.535637415083589,0.551010120607444
1506,0.536096102093151,0.551490269553879
1507,0.536570217973344,0.551949326012124
1508,0.537069063587169,0.552407263559803
1509,0.537614327375562,0.552884581210376
1510,0.538095624452678,0.553343971288834
1511,0.538574500803509,0.553802909898023
1512,0.539074632325038,0.554292508539144
1513,0.53956728885662,0.554808986373532
1514,0.540072099334131,0.555329218804162
1515,0.540594281881297,0.555853691791032
1516,0.541075920838206,0.556374327398201
1517,0.541528915383362,0.556884007193999
1518,0.54204058797177,0.557389421741923
1519,0.542582677162761,0.557866180712303
1520,0.543159824533987,0.558402012368576
1521,0.543747862299903,0.558978553824087
1522,0.544257118187335,0.55953104221804
1523,0.54475800236725,0.560126526096337
1524,0.545279102247616,0.560674982652924
1525,0.54579222090078,0.561163160597106
1526,0.546336369838667,0.561684822579328
1527,0.546881804296701,0.562247018105603
1528,0.547372264777611,0.562862597402545
1529,0.547813594221039,0.563442536989932
1530,0.548261390095096,0.563980174056555
1531,0.548714197530915,0.564506780766892
1532,0.54914145093431,0.564950738749763
1533,0.549590047642323,0.565418196617567
1534,0.550049147172972,0.565936562410645
1535,0.550448747153931,0.566400506549369
1536,0.550815047978564,0.566825709473402
1537,0.551210221431919,0.567233228370092
1538,0.551550639247643,0.567606882435943
1539,0.551822527469748,0.567906393833871
1540,0.552130613252596,0.568267582928213
1541,0.552444269025179,0.568660173768559
1542,0.5527337827537,0.568987936258812
1543,0.553022975841294,0.569316825491347
1544,0.553299785183983,0.569603186229446
1545,0.553556941976231,0.569817067529776
1546,0.553796748691271,0.57006450052178
1547,0.554023058795828,0.570313321380862
1548,0.554247066861945,0.570555510362793
1549,0.554452503517998,0.570791629849082
1550,0.554662238069419,0.571023293432721
1551,0.554875084193048,0.57126287358932
1552,0.555074802523626,0.571479348927351
1553,0.55527120833638,0.571695517099772
1554,0.555450738465361,0.571869752669302
1555,0.555609075276472,0.571983132269319
1556,0.555785234964045,0.572150643999202
1557,0.555962122730344,0.57233194653211
1558,0.556121047002943,0.572494387889908
1559,0.556289996462201,0.572682986741931
1560,0.556438324462728,0.572844003315407
1561,0.556547566499832,0.572958354967729
1562,0.556688168168916,0.573083526965024
1563,0.556838066798637,0.573214110720339
1564,0.55697784106249,0.573352602586286
1565,0.557117844953184,0.573479715638796
1566,0.557276068610211,0.573629358965241
1567,0.557429086783655,0.57380255893512
1568,0.557602259421666,0.57396310412179
1569,0.557807235507427,0.574118482410197
1570,0.55799467038572,0.574291035212086
1571,0.558144883672359,0.574439012054097
1572,0.558379585495145,0.574654569296974
1573,0.558683029586887,0.574932039905399
1574,0.558929273682369,0.575182176152522
1575,0.559185205945908,0.575468333109231
1576,0.559463930465427,0.575747846484454
1577,0.559687451183938,0.575964682983739
1578,0.559989298341244,0.576265761287976
1579,0.56036231366195,0.576616678850372
1580,0.560744123293028,0.57698826841085
1581,0.561174558361851,0.577430512103083
1582,0.561573749037911,0.577846787551827
1583,0.561980319493153,0.578262204642952
1584,0.56240065047303,0.578687422931901
1585,0.562789286584744,0.57910492629187
1586,0.563213586285583,0.579551101699553
1587,0.563661109593267,0.580012108857576
1588,0.564150138407401,0.580495578360149
1589,0.564676626727826,0.581014632026063
1590,0.565204719892781,0.581519859263808
1591,0.565783184436955,0.582030678466081
1592,0.566335044469741,0.582566507954933
1593,0.566857434630132,0.583090749312917
1594,0.567416838086686,0.583647389802367
1595,0.567996370819291,0.58423004017461
1596,0.568573640061428,0.584841441681917
1597,0.569140475042752,0.585512029350166
1598,0.569758829721797,0.586141878893524
1599,0.570433105764852,0.586747558087394
1600,0.571061531985187,0.587403200879307
1601,0.57169499484028,0.588095682014247
1602,0.572347878068908,0.588735168123701
1603,0.572980963683603,0.589371890144268
1604,0.573605383584962,0.59003607540046
1605,0.574264824200666,0.590660695685803
1606,0.574907271563994,0.591297357420964
1607,0.575519617591975,0.59201378716613
1608,0.57612933378076,0.592670667463245
1609,0.576713307073397,0.593233362532905
1610,0.577353326279334,0.59387649655418
1611,0.578037973214597,0.594559020611742
1612,0.578665005141893,0.595228953581515
1613,0.579312567662584,0.595964644179354
1614,0.57994466725132,0.596630148519165
1615,0.580496064513311,0.597236710015618
1616,0.58109046321975,0.597856881844637
1617,0.581733885512579,0.598461910798875
1618,0.582350415169119,0.599047695324653
1619,0.582949914864634,0.599604637320331
1620,0.583558825137797,0.600199465687941
1621,0.584189875433935,0.600796661688135
1622,0.584783992575781,0.601394038573348
1623,0.585333406385012,0.602016197566404
1624,0.5859285625435,0.602638607844429
1625,0.586546690665931,0.60326011008976
1626,0.587125239044213,0.603870995271549
1627,0.587712490784506,0.604515713611924
1628,0.588291049770733,0.605108241093087
1629,0.588822189276378,0.605636368381826
1630,0.589378350488059,0.606201238956125
1631,0.589953146770357,0.606739616348192
1632,0.590531794922379,0.607319528899464
1633,0.591090758845467,0.607940405862637
1634,0.591683510718263,0.60855659130577
1635,0.59232195004593,0.609182146176741
1636,0.592945774198502,0.609826443156966
1637,0.593578464867813,0.610499731896808
1638,0.594207174708059,0.611150993274686
1639,0.594821968576296,0.611795095568145
1640,0.595451027213122,0.612461093734353
1641,0.596095255008457,0.613128461496937
1642,0.596733630778457,0.613793332424988
1643,0.597378387998386,0.614489557474944
1644,0.598019811190963,0.615160563100094
1645,0.598696027010321,0.615840913505929
1646,0.59929171069022,0.616454312510628
1647,0.599826961743254,0.617033513610044
1648,0.600392166661881,0.61759393793283
1649,0.600935599597933,0.618075801348301
1650,0.601444618007735,0.618593133525416
1651,0.601984985896001,0.619176292250735
1652,0.602459263136266,0.619633270660597
1653,0.602892760260004,0.620038451074679
1654,0.603243123813974,0.620406519850697
1655,0.603507374590339,0.620675140387732
1656,0.603794808393206,0.620946794858605
1657,0.604031755596884,0.621228733615327
1658,0.604238548219272,0.621434986614978
1659,0.604529844623223,0.621621596892948
1660,0.604629112037188,0.62169547532211
1661,0.604568625378739,0.621676627027142
1662,0.604507135789722,0.621617541146572
1663,0.604345259501787,0.621459385124575
1664,0.604174215379157,0.621281865044347
1665,0.603988561053573,0.621070708057681
1666,0.603751124346873,0.62081544695558
1667,0.603466674026022,0.620541748444218
1668,0.603136606542257,0.620156739363058
1669,0.602764492485175,0.619691248823441
1670,0.602355701831283,0.619194761495982
1671,0.601915404220469,0.61861094399395
1672,0.60139531578898,0.617992261317354
1673,0.600842393188485,0.617346823055861
1674,0.600191279371715,0.616649837931369
1675,0.599426461068208,0.61590489905796
1676,0.598654748968177,0.615076072470851
1677,0.597822283955504,0.614191148277672
1678,0.596961443907516,0.61326001948777
1679,0.59608346933543,0.612236357635991
1680,0.595130948960893,0.611190466470854
1681,0.594122172372597,0.610113091409014
1682,0.593061299275459,0.60900039757204
1683,0.591911993818258,0.607842674831789
1684,0.590786892558196,0.606629795345818
1685,0.589652303215197,0.605369683353426
1686,0.588449220317536,0.604097943988207
1687,0.587168824994968,0.60273584001533
1688,0.585993050850584,0.601453300119157
1689,0.584774643070332,0.600162806617879
1690,0.58366064120621,0.598974602979344
1691,0.582685602146495,0.597864945259513
1692,0.581640607189926,0.596727359341639
1693,0.580551427684205,0.59562293549329
1694,0.579589889543801,0.594575919923075
1695,0.578695174105339,0.59352589593396
1696,0.577784600595642,0.592537200073117
1697,0.576949134198265,0.591657044172531
1698,0.576084180550402,0.590721889072046
1699,0.575165773820788,0.5897499036627
1700,0.574351215407786,0.588878187933499
1701,0.573599896200649,0.588038877829528
1702,0.572855357451507,0.587266747635873
1703,0.572153790642573,0.58659347485483
1704,0.571453124278187,0.585846302030849
1705,0.570753773235527,0.585104472409997
1706,0.570129868525739,0.5843889065442
1707,0.56954587414803,0.58365165648022
1708,0.569031710463967,0.582980545827694
1709,0.568482855137594,0.582328756228756
1710,0.567919641489175,0.581722512313141
1711,0.56737063927131,0.581109953888088
1712,0.566750418278466,0.58050290987775
1713,0.566176866873668,0.57993301427586
1714,0.565641128210604,0.579305442615142
1715,0.565093069625069,0.578712505967855
1716,0.564619290750896,0.578163515829039
1717,0.564127610688301,0.577604428603476
1718,0.563591746185244,0.577040355476367
1719,0.563113888336591,0.576508388144857
1720,0.562671059292032,0.575990122004107
1721,0.562240973602454,0.575488105968747
1722,0.561866822400697,0.575005994387245
1723,0.561476973969789,0.574556267074499
1724,0.560986201114668,0.574068341226256
1725,0.560675684028038,0.573705584623004
1726,0.560476326500706,0.573420494975574
1727,0.560291909421436,0.573202686381241
1728,0.560234991799249,0.573123226879177
1729,0.560185862453317,0.573023582572031
1730,0.560097514870854,0.572928381614673
1731,0.560125016926873,0.572914790240351
1732,0.560285864725576,0.572947312519631
1733,0.560420041409958,0.573013170286105
1734,0.560624284200485,0.573180927963063
1735,0.560789562809945,0.573317837904449
1736,0.560895906986868,0.57342867139997
1737,0.561085383157295,0.573610084564962
1738,0.561327957119344,0.573840389128367
1739,0.561533768028758,0.574061085817102
1740,0.561774154775699,0.574342610901916
1741,0.562017010109803,0.574568953525257
1742,0.562224997009986,0.57476434336566
1743,0.562453959005647,0.574966880924138
1744,0.562748706827098,0.575168413928823
1745,0.562963966954449,0.575350026619741
1746,0.563120296082855,0.57550503891325
1747,0.563319509276079,0.575678788782153
1748,0.563503665460042,0.575849289423015
1749,0.563699523655172,0.576006441680332
1750,0.563925083595841,0.576157341578265
1751,0.564115114653788,0.576344159363926
1752,0.564299078109643,0.576556931712092
1753,0.564455185643713,0.576710650938746
1754,0.564565909284966,0.576850592078699
1755,0.56473524100462,0.576999697446748
1756,0.56490155267087,0.577144410915263
1757,0.56508580058179,0.577307856942877
1758,0.565367379927147,0.577560617268697
1759,0.56559442975594,0.577784087778281
1760,0.565787404574462,0.577959166269233
1761,0.566019603217143,0.578233056081636
1762,0.566299822708128,0.578570919826435
1763,0.566659914767577,0.578963692092564
1764,0.567027110098967,0.57936234595522
1765,0.567424053625736,0.579766628794622
1766,0.56782585390977,0.580200642199722
1767,0.568237121885512,0.58061604540849
1768,0.568720508784943,0.581096470999923
1769,0.569295982365405,0.581681604555381
1770,0.569828577596456,0.582216694807243
1771,0.570312936131046,0.582655601330238
1772,0.570766888820028,0.583114241896115
1773,0.571080739193757,0.583458452370571
1774,0.57149789386238,0.583892532646216
1775,0.571988713846966,0.584414522904882
1776,0.572418654826442,0.584911103964182
1777,0.572864980435795,0.585462592124854
1778,0.573289312896595,0.585903616036994
1779,0.573662486837976,0.586303243711404
1780,0.574062328822979,0.586700761978958
1781,0.574485527849353,0.586988220203276
1782,0.574884639594905,0.587356482159597
1783,0.575274254122717,0.587779657309258
1784,0.575662982469314,0.5881847808697
1785,0.576005814905787,0.588589571732355
1786,0.57643063816756,0.589031682301238
1787,0.576931411324925,0.589521622168794
1788,0.577291146771004,0.589883519679585
1789,0.577650738921224,0.59020888427889
1790,0.577917940758819,0.590508839396899
1791,0.578187952745703,0.590813392908148
1792,0.578635100294891,0.591248829146655
1793,0.579030075483602,0.591659704874389
1794,0.579346031547114,0.592008808593337
1795,0.579780436744737,0.592401375732442
1796,0.58021150380312,0.592821864783443
1797,0.580608355847445,0.593235640155353
1798,0.58112153707048,0.593673798034145
1799,0.581522039296996,0.594136683991479
1800,0.581864978203338,0.594490926563976
1801,0.581864978203338,0.594490926563976
1802,0.582291506943077,0.594997647604507
1803,0.582757348844871,0.595602961067723
1804,0.583220287627711,0.596049735827512
1805,0.583736790645216,0.596444252462577
1806,0.584231604020754,0.596860126737312
1807,0.584683796045258,0.597314630062993
1808,0.585042870382811,0.597692882229582
1809,0.585433027221861,0.597949090703782
1810,0.585829672126976,0.598337039729259
1811,0.586255779228674,0.598839742858268
1812,0.58669297381254,0.599466862476146
1813,0.587329037757903,0.599965639872388
1814,0.587885274071086,0.600315919417906
1815,0.588198357427295,0.600773436022883
1816,0.588563986739175,0.601235347941805
1817,0.588944795210992,0.601542755944766
1818,0.589388761725183,0.601988613080961
1819,0.589952945280219,0.602610330065378
1820,0.590406027353889,0.603133134731424
1821,0.590870510408231,0.603615568305813
1822,0.591240637484984,0.60410604365086
1823,0.591645587483447,0.604711165816878
1824,0.592272843306885,0.605321486783914
1825,0.592923955476792,0.605924065500069
1826,0.59343070193455,0.606485667615892
1827,0.593997233656826,0.607116862963797
1828,0.594424884508601,0.607801330184085
1829,0.594817043973005,0.608443650790091
1830,0.595362888792248,0.609020367398975
1831,0.596108535663919,0.609618945350493
1832,0.596767437787433,0.61023479362353
1833,0.597329443393775,0.610847436152351
1834,0.597877447710377,0.611358144423925
1835,0.598417705589902,0.611887948210982
1836,0.598902511651677,0.612550745802612
1837,0.599314807642965,0.613129266790782
1838,0.599858001659273,0.613609723807251
1839,0.600407967800874,0.614119836277769
1840,0.600984430974635,0.614662837495488
1841,0.601474471069768,0.615204320769441
1842,0.60195179664252,0.615743210006109
1843,0.602476492668214,0.616247503175168
1844,0.602962678852198,0.616676558612766
1845,0.603500239699521,0.617176069605456
1846,0.604039056817673,0.617770621034225
1847,0.604490381746317,0.618213044329969
1848,0.604927733588877,0.618636083141328
1849,0.605298422234502,0.619116037245552
1850,0.605618256834347,0.619512585365778
1851,0.605881790244829,0.619727361844169
1852,0.606210209343379,0.620089520485406
1853,0.606489801258112,0.62058741623336
1854,0.606660577623901,0.620880085621798
1855,0.607025702059783,0.621065432949401
1856,0.607404266694175,0.621240380452407
1857,0.607531796437675,0.62132101662451
1858,0.607420771034511,0.621242522407489
1859,0.607549828092071,0.621205174738309
1860,0.607776265611734,0.621142692486226
1861,0.607694112823187,0.621025492417578
1862,0.607531633061533,0.620814647537811
1863,0.607464311732087,0.620730387845258
1864,0.607242597779657,0.620532780304778
1865,0.606836327661537,0.620225417172095
1866,0.606496405101407,0.619892392909518
1867,0.606356253924684,0.619533112676252
1868,0.605991630645683,0.619031174371838
1869,0.605439821856066,0.618462980181876
1870,0.604890974005971,0.617801703237698
1871,0.604333218978231,0.617037515926568
1872,0.603721952461691,0.616165039347715
1873,0.603065407461022,0.615253942599349
1874,0.602320666514349,0.614325835247485
1875,0.601420571456522,0.613264092632751
1876,0.600417618083711,0.612034515989457
1877,0.599289774988654,0.610647354000218
1878,0.597999162501067,0.609068894270065
1879,0.59652760097973,0.607410787064567
1880,0.594941987648638,0.605638506856408
1881,0.593247643788708,0.603713442368073
1882,0.591381362221048,0.601674150154142
1883,0.589340274671293,0.599510798056948
1884,0.587189907392715,0.597046648104453
1885,0.584882331282022,0.594441962284129
1886,0.582525672843943,0.591708755877504
1887,0.580054604224989,0.588759547054002
1888,0.577377284749625,0.585700586474103
1889,0.574645708268153,0.582541308630121
1890,0.571684581919887,0.579207498023537
1891,0.568357952444982,0.575667104630431
1892,0.565033321385791,0.572013389343356
1893,0.561556571496175,0.568215946365052
1894,0.558145642493782,0.564328668297727
1895,0.554474421415656,0.560158913736019
1896,0.550785312681223,0.555924274975719
1897,0.547000213506317,0.551671781986614
1898,0.543042241794507,0.547205272069869
1899,0.539147522746423,0.542915211383727
1900,0.535114840442447,0.53864979856826
1901,0.531285745952845,0.534476123857406
1902,0.527588719686337,0.530429985303981
1903,0.523871570819386,0.526358126868248
1904,0.520154157309785,0.522276074948817
1905,0.51660863187065,0.51825417119461
1906,0.513195075839122,0.514494225653009
1907,0.509816562624993,0.510853338455392
1908,0.506591556210474,0.507327846933525
1909,0.503511312854105,0.503972287287924
1910,0.500647537993771,0.50079781655086
1911,0.497889072643157,0.497656679088545
1912,0.495288669034165,0.494782625687936
1913,0.492886437006002,0.492254727005488
1914,0.490676336169797,0.489761221968244
1915,0.48855112765871,0.487392952829587
1916,0.486739716661754,0.485113242533169
1917,0.484880708129032,0.483004455491312
1918,0.483140458868831,0.48100845300784
1919,0.481612941345876,0.479182898067669
1920,0.480200312010415,0.477569387613312
1921,0.478830026158115,0.475977700153306
1922,0.477766605783794,0.474504933968923
1923,0.47662312697215,0.473118320864043
1924,0.475221750070093,0.471817692022426
1925,0.474188042478551,0.470579616001628
1926,0.473430225811336,0.469394065542034
1927,0.472759039320081,0.468356986621703
1928,0.472006918305663,0.467390144151265
1929,0.471391260510533,0.466583837779913
1930,0.470765438271851,0.465649287945326
1931,0.470020543758662,0.464718597470504
1932,0.46942549671604,0.463865282323555
1933,0.468945379069663,0.462936025416068
1934,0.468544054510197,0.462127101284924
1935,0.46827501162598,0.461503150288688
1936,0.467922071585359,0.460832368651301
1937,0.467584336301898,0.460171117468715
1938,0.467350655057118,0.459498477022106
1939,0.467039129740817,0.458877381943751
1940,0.466565995119855,0.458239776443204
1941,0.466319798689519,0.457735555437129
1942,0.466169912573729,0.457295096732403
1943,0.466065418778631,0.456904214517278
1944,0.466079031352671,0.456593453906983
1945,0.466075543716882,0.456346891088204
1946,0.466037345497886,0.456125727580093
1947,0.466146419495149,0.455995146495186
1948,0.466332041025365,0.455943996009108
1949,0.466567614692245,0.456003959574398
1950,0.466870173294591,0.456069326528375
1951,0.467320438142627,0.45613813702856
1952,0.467722419138875,0.456379622232815
1953,0.468098366945044,0.456697062129221
1954,0.468582122167065,0.457117535582034
1955,0.469101815823332,0.457661427318295
1956,0.469711537263052,0.458306373382885
1957,0.470470431862027,0.459127418904744
1958,0.471175368127968,0.4598902735266
1959,0.471857552442872,0.460642147296105
1960,0.472631295218246,0.461543570363671
1961,0.473481236474278,0.462529209381972
1962,0.474360539607109,0.463516302088422
1963,0.475278718364898,0.464624241440438
1964,0.47634418165319,0.466044306678721
1965,0.477326811131235,0.46717949770197
1966,0.478296292305963,0.468122186509446
1967,0.479244079379615,0.46927227728273
1968,0.480205017052919,0.47047473306704
1969,0.481138531425381,0.47163019926103
1970,0.482032357787005,0.473006626094915
1971,0.482913136034034,0.474176090689775
1972,0.483779889732552,0.475234642131301
1973,0.484681676943513,0.47612377162982
1974,0.485453530493599,0.477044818941175
1975,0.486190248547885,0.477954864892013
1976,0.486827260192873,0.478694812807872
1977,0.487389776047692,0.479371415561297
1978,0.487864640512794,0.479928134599256
1979,0.488173830715005,0.480268462586714
1980,0.488558721688179,0.48064869052645
1981,0.489015129768484,0.481097328652125
1982,0.489269391979117,0.481318081615789
1983,0.489396482710708,0.481368150003079
1984,0.489638986502787,0.481429983938671
1985,0.489621547449813,0.481351535894755
1986,0.489303844692499,0.481086831281395
1987,0.48916871410939,0.480809934949844
1988,0.489107771349195,0.480509737692429
1989,0.488833545219095,0.480097287006864
1990,0.488477029013065,0.479527335198332
1991,0.48810596832161,0.478975221035245
1992,0.487563646649858,0.478329960066623
1993,0.487046326496905,0.477722697582443
1994,0.486560857666083,0.477059979749389
1995,0.486047502709422,0.476493223183812
1996,0.485474553677093,0.4758752886315
1997,0.484799639701298,0.475260651876714
1998,0.484191483914336,0.474630845884602
1999,0.483607965534896,0.47399300362554
2000,0.482976986386676,0.47333410383837
2001,0.482290225412174,0.472601157066104
2002,0.481673848934398,0.472014694665448
2003,0.481076262155234,0.471496277151586
2004,0.480452491031301,0.47093602200607
2005,0.479847073599962,0.470421272159628
2006,0.479267900614025,0.469943935418829
2007,0.478710524596142,0.469417686765298
2008,0.478107472675411,0.469007786457681
2009,0.477458102386516,0.468517867735147
2010,0.476840519745263,0.468118249142196
2011,0.476118592819348,0.467554050446894
2012,0.475237224732423,0.466839026547704
2013,0.474486415934926,0.466219449078992
2014,0.473821188494833,0.465638440172824
2015,0.473031478966535,0.464951757024471
2016,0.472306628956662,0.464286830144348
2017,0.471397912693083,0.463509792839055
2018,0.470292377856006,0.462598589975252
2019,0.469216657691112,0.46168794010406
2020,0.468067770256169,0.460822971112964
2021,0.466882497761692,0.459721344121133
2022,0.465678333739726,0.458653276631114
2023,0.464513641178779,0.457586261312356
2024,0.463145767483098,0.45635583280414
2025,0.461677269375472,0.455015330396836
2026,0.460159663599036,0.453637493554584
2027,0.458468411888821,0.452124715263952
2028,0.456842934541106,0.450593308321962
2029,0.455262258654379,0.44906748125291
2030,0.453544529582798,0.447445576225858
2031,0.451703533839481,0.445729931217484
2032,0.449902719416769,0.443935880950622
2033,0.448156488803455,0.442226611721414
2034,0.44636863414138,0.440463245952347
2035,0.444519440515574,0.438660011935053
2036,0.442722947644247,0.436891397713253
2037,0.440837685319571,0.43502959450451
2038,0.438723527376373,0.433014893799277
2039,0.436853851805238,0.431096324351203
2040,0.435173379283102,0.429187761310548
2041,0.4333335767737,0.427303432030715
2042,0.431439985071797,0.425418641763218
2043,0.429619615399127,0.42357223511588
2044,0.427741720104957,0.421829701330054
2045,0.425924234738242,0.419935480857484
2046,0.424108515942444,0.417995468485275
2047,0.422517797983921,0.416291657463829
2048,0.420920152835964,0.414580107390575
2049,0.419236518094245,0.412896176038778
2050,0.417764119759095,0.411296032383848
2051,0.416496773524596,0.40979439907551
2052,0.415116363083109,0.408332408998289
2053,0.413749549517019,0.406880225188468
2054,0.412501829692545,0.405554868213166
2055,0.411189969025713,0.404379662042557
2056,0.410065600517144,0.403196449790309
2057,0.409212062884676,0.402028190141105
2058,0.408242890865338,0.400978517497196
2059,0.407221039598832,0.400012620174796
2060,0.406350056970357,0.39903204110439
2061,0.405549521921659,0.398236181928258
2062,0.404888575776481,0.397635068895227
2063,0.404266161313104,0.397010402455531
2064,0.403871244112387,0.396473945694638
2065,0.403311960325573,0.395952008276022
2066,0.402602838236462,0.395464028685861
2067,0.40212207025836,0.395003814279896
2068,0.401721922275927,0.394604880267809
2069,0.401365825765498,0.39424615733542
2070,0.401255802600148,0.393908910112633
2071,0.400984033416438,0.393600148874984
2072,0.400600763801235,0.393380549308012
2073,0.400279831469163,0.393060815330017
2074,0.400030124868409,0.392840779617883
2075,0.399832145331819,0.392798971594855
2076,0.39968523210739,0.392584561923082
2077,0.399564898897703,0.392399826158468
2078,0.399454755890499,0.392258427755163
2079,0.399326560142718,0.392019095604234
2080,0.399203631186583,0.391919342159209
2081,0.399112405685606,0.391983887191689
2082,0.399048958397582,0.391988391483937
2083,0.398992789806458,0.391999535029366
2084,0.398958853715188,0.392036469724297
2085,0.39895102264135,0.392098378900643
2086,0.398955190920416,0.392169677035693
2087,0.398986201157035,0.392238809875088
2088,0.39892530667601,0.392324364787764
2089,0.399010136796861,0.39259815004646
2090,0.399385809460918,0.392780427874873
2091,0.399613439170766,0.392873510381098
2092,0.39975908256643,0.393133045759132
2093,0.399951664359249,0.393315789156798
2094,0.400040788369833,0.393337101099011
2095,0.400219656464838,0.393542398891327
2096,0.400544376164542,0.393929136313186
2097,0.400761737127894,0.394184550806076
2098,0.400783548457378,0.394355575724632
2099,0.401057504226312,0.394673253000516
2100,0.401487563321688,0.394978725782479
2101,0.401879603825143,0.395376750014892
2102,0.40238671534416,0.395877453085326
2103,0.402931960246207,0.39653783522125
2104,0.403368805898837,0.397088710529181
2105,0.40368914130408,0.39747839208874
2106,0.40425268330416,0.398000850141177
2107,0.404947350943021,0.398637776102133
2108,0.405536032443179,0.399268574921103
2109,0.406168508810804,0.400028945823884
2110,0.406789977822392,0.400728387764612
2111,0.407304947476345,0.401380918625375
2112,0.40797106273394,0.402064478716692
2113,0.408774065177624,0.402791027185425
2114,0.409501901282949,0.403515550085486
2115,0.410291840258083,0.404260331188754
2116,0.411008940012156,0.404964326503786
2117,0.411640854801798,0.405666934470498
2118,0.412302327530345,0.406316638339252
2119,0.413165017046741,0.406972023019001
2120,0.413879572187564,0.407770277713597
2121,0.414568340246022,0.408638902974782
2122,0.41554114789299,0.409417235949825
2123,0.416325349796572,0.410190597540431
2124,0.416835084476806,0.410894443205094
2125,0.417560914356347,0.41162581447009
2126,0.418450724631115,0.412391215659474
2127,0.419092021840526,0.413051931331268
2128,0.419613479835448,0.413618039909825
2129,0.420294613653345,0.414254718247193
2130,0.420938945064857,0.414888786179323
2131,0.421473713737841,0.415455639468427
2132,0.422195292451454,0.416080804457426
2133,0.422722605724902,0.416607453549124
2134,0.423037891304636,0.417069536539271
2135,0.423206191298861,0.417375087275188
2136,0.42367807772766,0.417564729061974
2137,0.424056814079955,0.417921985796368
2138,0.424085029311957,0.418195962704754
2139,0.424356769346937,0.418313123044195
2140,0.424762653427684,0.418679935147464
2141,0.424898848487643,0.419111175926003
2142,0.425118328248918,0.419377791179909
2143,0.4255731749396,0.419574472753298
2144,0.425789518070323,0.419825590221145
2145,0.425679549682165,0.419948837706534
2146,0.42589433207048,0.420204707200982
2147,0.426265139186863,0.420668262236197
2148,0.426576240169644,0.420936454565161
2149,0.427055401892456,0.421080796629136
2150,0.427310567473279,0.421300348459368
2151,0.42738140846448,0.4214539390074
2152,0.427598316939689,0.421673088988702
2153,0.427606528656015,0.421998494050826
2154,0.427611772998924,0.422260376347699
2155,0.427906448742047,0.42231309693223
2156,0.428007771047598,0.422386454870605
2157,0.428001387332257,0.422528147614589
2158,0.428189933761648,0.422485739694104
2159,0.428241333632654,0.42245493891389
2160,0.428056308498234,0.422435132463505
2161,0.428108652333382,0.422423968116304
2162,0.428390988458486,0.422234056486543
2163,0.428416720407029,0.422297891555529
2164,0.428311343526791,0.422644395926421
2165,0.42833815357965,0.422702249708927
2166,0.428264252545144,0.422634594138632
2167,0.428275848118616,0.422757066075753
2168,0.428457955823022,0.422745954759199
2169,0.428654396820894,0.422890777640885
2170,0.42888527783288,0.423298351945996
2171,0.428995122226402,0.423699519627354
2172,0.429446771800763,0.423852951364766
2173,0.429678627440917,0.424165466994824
2174,0.429592706327197,0.424481754032149
2175,0.429819514932444,0.424741822960018
2176,0.430228771357938,0.425236127257922
2177,0.430622251001613,0.425701090445332
2178,0.431036435460648,0.426175449620993
2179,0.431784833262917,0.426719506467503
2180,0.43221396531955,0.427205585681683
2181,0.432312963785668,0.427637284361979
2182,0.432707134071458,0.428122005841648
2183,0.433258686478915,0.428596177132363
2184,0.43370239538409,0.429127603614038
2185,0.434154739981902,0.429778443353534
2186,0.434616650503974,0.430296153205644
2187,0.435056596390964,0.430688340040641
2188,0.435462106055356,0.431192094070501
2189,0.43587939119387,0.431630008388436
2190,0.436306897662204,0.432241898053585
2191,0.436639807343653,0.432862178225686
2192,0.437089118187197,0.433552122808924
2193,0.437725439549332,0.434128908114044
2194,0.438264268307511,0.434515549873854
2195,0.438575086144927,0.435012391418192
2196,0.438951275162504,0.435634875439862
2197,0.439382566623381,0.436222217288402
2198,0.439698090850035,0.436843307201629
2199,0.440147203172739,0.437488624463511
2200,0.440836604111002,0.438191081651173
2201,0.441280385522237,0.438789482375456
2202,0.441551008652882,0.439378145277195
2203,0.44200202114251,0.439962826801049
2204,0.442432873994205,0.440408941647412
2205,0.442955034839786,0.440978463213808
2206,0.443709490184143,0.441647616939187
2207,0.444239772559625,0.442323416854776
2208,0.444524973862043,0.44300240821569
2209,0.445098079165077,0.443718709823443
2210,0.445702934986514,0.444476636871187
2211,0.446435870591448,0.445262180765764
2212,0.447243975367744,0.445943269784893
2213,0.448025956225774,0.446804387268273
2214,0.448697675403742,0.447784912398218
2215,0.449225342216052,0.448470095540118
2216,0.449868448193849,0.449134166598697
2217,0.450633028675682,0.449945877221174
2218,0.451244897145197,0.450603851695039
2219,0.451775419190622,0.451090000755796
2220,0.452334755985609,0.451720231855835
2221,0.452892215790135,0.45242704594487
2222,0.453353434566596,0.452922781241408
2223,0.453798816546974,0.453394590241439
2224,0.454173586878284,0.453790773399179
2225,0.454494426777572,0.453975015165019
2226,0.454711146649781,0.454330291004917
2227,0.454843720830412,0.454924629179561
2228,0.454926882203321,0.455064996261238
2229,0.454941604665049,0.455070483154573
2230,0.454800713962744,0.454928345178341
2231,0.454535878933399,0.454310192728107
2232,0.454327140199773,0.453927667679334
2233,0.454103191367852,0.453734063233671
2234,0.453631887624898,0.45327431480513
2235,0.453069528117834,0.452841065773245
2236,0.452483034374653,0.452103723188349
2237,0.451452908461632,0.450990433690415
2238,0.450633379587523,0.450024059244887
2239,0.449924935783542,0.449038811962003
2240,0.448806673290645,0.447936824009665
2241,0.447821233879556,0.446913023428606
2242,0.446855363914203,0.445689094070454
2243,0.445634832674218,0.44430445311662
2244,0.444263998496945,0.442651668652693
2245,0.442906755276931,0.441179744391752
2246,0.441304910110518,0.439697647252255
2247,0.439836601356783,0.43804030374473
2248,0.438485093593391,0.436314562804072
2249,0.437020972969845,0.434627795613423
2250,0.435488160959844,0.432799960404318
2251,0.433957883632116,0.43103463802751
2252,0.43238313388723,0.429443923665511
2253,0.430776486720687,0.427643419681984
2254,0.429144412748389,0.425523074425807
2255,0.427568726436635,0.423716954083343
2256,0.425904288979026,0.422050196561908
2257,0.424343865598388,0.420323967699584
2258,0.422891295058984,0.41877982065173
2259,0.421446354878562,0.417107819027891
2260,0.41999630136947,0.415170752962286
2261,0.418710618512916,0.413468031096112
2262,0.417490133426232,0.412083401675274
2263,0.415929102759033,0.410712843677273
2264,0.414378510339012,0.409201990149953
2265,0.413055037834469,0.407587505846587
2266,0.411793797126501,0.405931245150817
2267,0.410511046301318,0.404359826944599
2268,0.409346881318797,0.402933637207879
2269,0.408409285247984,0.401817966215622
2270,0.407242211541549,0.400542668627434
2271,0.405867894031947,0.399143911655344
2272,0.404909970935932,0.397965848396984
2273,0.404158934302776,0.396994998476733
2274,0.403115793291062,0.395853701006446
2275,0.402248247854566,0.394657292566386
2276,0.401274365556391,0.393663754359117
2277,0.39971705898267,0.392626960908177
2278,0.398897404398341,0.391748198550876
2279,0.398754365150581,0.391194304816268
2280,0.3981175863441,0.390469092963618
2281,0.39743487902315,0.389592133614622
2282,0.396910029213786,0.388954486057342
2283,0.396195549921456,0.388490727919606
2284,0.395630757458384,0.387925396472328
2285,0.395465149315409,0.387436407390304
2286,0.39509276335733,0.386967560795594
2287,0.39444217892256,0.386384169009785
2288,0.394051676701011,0.385937230004904
2289,0.393793344118552,0.385686731726307
2290,0.393544665746164,0.385344994642622
2291,0.393524716528852,0.384894272976426
2292,0.393315005798663,0.384614951743673
2293,0.392944395294615,0.384426302680507
2294,0.392745505955116,0.384271089103052
2295,0.39228857428153,0.384194379972288
2296,0.39182867515967,0.384105619256516
2297,0.391547393706761,0.383759616770575
2298,0.391266842471156,0.383333550821977
2299,0.390910245839837,0.382983643557723
2300,0.39058494044879,0.382613098919533
2301,0.390334996522349,0.382161344919702
2302,0.389994290371026,0.381680024639691
2303,0.389730473429347,0.381297371613917
2304,0.389669972910385,0.380825307063364
2305,0.389454491517233,0.380480974480613
2306,0.389124034011688,0.380327023430676
2307,0.388843198015206,0.38004754463525
2308,0.388720342946743,0.379775550111655
2309,0.388253262813247,0.379387409141645
2310,0.387351804018073,0.378910217203396
2311,0.387005791078644,0.378514868766384
2312,0.386772340023722,0.377991083122207
2313,0.386524298587174,0.377663506767731
2314,0.386701089345466,0.377411860588423
2315,0.386605028129281,0.377296321079042
2316,0.386159768972934,0.377437013796385
2317,0.385941716891405,0.377382363863923
2318,0.385942201358323,0.377428488090523
2319,0.38583786169783,0.377347316502095
2320,0.385633392353012,0.376918103093767
2321,0.3855579583876,0.376781615138941
2322,0.385694288594298,0.376994071000451
2323,0.385515938635824,0.376844937391025
2324,0.385082153551106,0.376533700640216
2325,0.38493426294256,0.376361468318642
2326,0.384780558519503,0.375929357156219
2327,0.384536403075362,0.37566518351657
2328,0.384516078865377,0.375605477627736
2329,0.384441557109239,0.37563349646325
2330,0.384026063500362,0.375817692167313
2331,0.383834736012241,0.375853599672855
2332,0.384017597275394,0.376167822884444
2333,0.383980839795313,0.376140955573824
2334,0.383906953860053,0.375727056242317
2335,0.383750470269482,0.375212219712253
2336,0.383712985761479,0.375154188913559
2337,0.383288078081117,0.375003840121738
2338,0.382698940836436,0.374792141794035
2339,0.382570204323434,0.374886144259192
2340,0.382477943334054,0.374819229870864
2341,0.382408394919584,0.374495350967325
2342,0.382404056587963,0.374320391767463
2343,0.382749689883297,0.374284470003661
2344,0.382690890414225,0.374336305666388
2345,0.382217348654201,0.374361428970579
2346,0.382409904231249,0.374389927057272
2347,0.382866818914764,0.374620454107144
2348,0.383183869824746,0.374747944827761
2349,0.383890756922414,0.374604473153341
2350,0.384201155203366,0.374892212452707
2351,0.38414762488467,0.375596297287415
2352,0.384315675091441,0.375885215419966
2353,0.384515533821721,0.376195758535201
2354,0.384765542786535,0.376358310951896
2355,0.385067495285659,0.376033013687199
2356,0.385283158752929,0.376322059188241
2357,0.385531550778616,0.377116658991924
2358,0.385744926612772,0.377337462789213
2359,0.385731352631569,0.377418551344927
2360,0.386086586312943,0.377751832589194
2361,0.386736105302051,0.377805038320533
2362,0.387128282365176,0.378078121783121
2363,0.387773547353104,0.378965684741832
2364,0.388008291368566,0.379322037867176
2365,0.3874747101883,0.379135895604331
2366,0.387832292232079,0.37940650881819
2367,0.38878029326549,0.379831893269567
2368,0.3891141352803,0.380167733532324
2369,0.38975436963833,0.380937475021289
2370,0.390017533267109,0.381079588234192
2371,0.389300273554597,0.380391115954812
2372,0.389277096373914,0.380516432154391
2373,0.389626739697077,0.380836778309816
2374,0.38995383437389,0.381062541745186
2375,0.390568673209142,0.382138988199916
2376,0.390960655040731,0.382337858626835
2377,0.391536466408482,0.381187499003426
2378,0.391656255470518,0.381315990300862
2379,0.391044801179379,0.382088456587293
2380,0.391091761491302,0.382432729106391
2381,0.391356716549474,0.383718326331942
2382,0.391412123314125,0.384072701644633
2383,0.391898427642275,0.382982629413627
2384,0.392081128707925,0.382802319676607
2385,0.39160144997641,0.382957240193847
2386,0.391538784009953,0.382919175331051
2387,0.391925522175273,0.383293945992889
2388,0.391942763517783,0.383379105304454
2389,0.391951749253169,0.383074200394682
2390,0.391782193063861,0.382813470470816
2391,0.391040511352924,0.38254323548195
2392,0.390709952816081,0.382244133044016
2393,0.390645721456184,0.38190004311145
2394,0.390420719082444,0.3814541987298
2395,0.390399501417202,0.380721953681066
2396,0.390197446364459,0.380342914889195
2397,0.389486481931553,0.380299140214992
2398,0.389223234562827,0.379905831825535
2399,0.389468762677837,0.379631628865974
2400,0.389284577392006,0.379218631378282
2401,0.389226832096423,0.378151374926653
2402,0.388906515785012,0.377492076306974
2403,0.387888781497043,0.377607081427167
2404,0.387173854674818,0.376929239344778
2405,0.386457041107594,0.375434754535265
2406,0.385903031465493,0.374634404663735
2407,0.385911553068844,0.373852090498574
2408,0.385378949004426,0.372907365881668
2409,0.384823595363594,0.372709822739527
2410,0.38384569358701,0.372122621957887
2411,0.381116347755764,0.370542839307665
2412,0.380082413782108,0.369503090547853
2413,0.38106885689646,0.368915912524301
2414,0.380389555783441,0.368158738932637
2415,0.379423206138197,0.367672065736543
2416,0.378844945778973,0.36701826722772
2417,0.377604867669623,0.366721648826795
2418,0.375194881683998,0.36524029434374
2419,0.374470832082644,0.363547261291749
2420,0.375146921689443,0.362579999321808
2421,0.373412776156088,0.361791992603001
2422,0.371817661869807,0.36093767251932
2423,0.371501084148683,0.360509522337253
2424,0.369717411006555,0.359712443780185
2425,0.368911884029067,0.357953548272293
2426,0.369484106070623,0.356382972861648
2427,0.368669538081468,0.355527089785853
2428,0.367569832062697,0.354096461106943
2429,0.36643007944187,0.35270503126873
2430,0.364722300732549,0.351932191276352
2431,0.364095988993689,0.350429816264639
2432,0.363824808712508,0.34900313791286
2433,0.36240981928764,0.34812285394757
2434,0.361284769713792,0.346925703628869
2435,0.359832456117198,0.345747549718652
2436,0.35783517958125,0.34461447043081
2437,0.357163093110551,0.343850837274974
2438,0.356357226026884,0.343280945944105
2439,0.35433635380621,0.342411244875173
2440,0.352850568230891,0.341498320777352
2441,0.352613048391991,0.339631178109761
2442,0.351554541099408,0.337554294558136
2443,0.34928639975338,0.336552037833556
2444,0.348268843841512,0.335675091679467
2445,0.347281567529019,0.334705190787095
2446,0.345654935520345,0.333860256687598
2447,0.345975639064687,0.332388981943357
2448,0.346309952586107,0.330408958763833
2449,0.344671286910333,0.329572304670548
2450,0.343240161265641,0.328804902434509
2451,0.342301586978548,0.32666919727233
2452,0.340555315790284,0.325834546076475
2453,0.339024765080617,0.326072455045513
2454,0.338219473220874,0.324354477185521
2455,0.336050895168226,0.321341245011899
2456,0.334771963203332,0.320149938706124
2457,0.334451420816763,0.319187009940765
2458,0.333494911048268,0.317436989071456
2459,0.332745087218031,0.316792596190866
2460,0.331972023076438,0.31644295643104
2461,0.330282231039187,0.315069043047036
2462,0.329008069384083,0.313456681295209
2463,0.328047221905977,0.312558810752383
2464,0.327725583551085,0.312078829108684
2465,0.328696395931072,0.311245731204059
2466,0.328226087811232,0.310021713617391
2467,0.327134721054658,0.309339925667283
2468,0.326376678939682,0.308866363794629
2469,0.32451967459514,0.307982292813707
2470,0.323253909457563,0.306491568375881
2471,0.323064429793634,0.30504276158596
2472,0.322295665991314,0.304126609776977
2473,0.320535506656174,0.302082453612839
2474,0.319768995913754,0.300810629370463
2475,0.320449788331728,0.301497729529267
2476,0.319891685419382,0.301505435013625
2477,0.318925697122064,0.301214062435092
2478,0.317919644202731,0.300209541570547
2479,0.315284624828283,0.298102309486692
2480,0.314341627281531,0.29763296531641
2481,0.314883729061381,0.297658558406939
2482,0.315021912842785,0.297331952384506
2483,0.3164449859425,0.299067964680129
2484,0.315974128135661,0.299070947298624
2485,0.31358647753206,0.296094892865784
2486,0.312848478569139,0.295225052969493
2487,0.312562855786076,0.295748154619409
2488,0.311347046846708,0.295374195615279
2489,0.310427772496729,0.295287809354439
2490,0.309613908766347,0.295338843653328
2491,0.307202123872381,0.294665518729241
2492,0.306053754866618,0.294587698991327
2493,0.306311586198882,0.295594594436261
2494,0.306616601373825,0.295896050763662
2495,0.307430460394126,0.295545083910757
2496,0.307866343328261,0.295953916505381
2497,0.30982084240518,0.296975488654747
2498,0.310056303378248,0.297103841244938
2499,0.307443933450068,0.297681766105374
2500,0.307087569665703,0.297742012575319
