sample,rep,base name,spectrum #,spectrum_id,treatment,cover type,species,site,notes
731,1,OK_SPEC,1,OK_SPEC00001,dry,lichen,Collema cocco,SF,Used in preliminary data as well
731,2,OK_SPEC,2,OK_SPEC00002,dry,lichen,Collema cocco,SF,Used in preliminary data as well
731,3,OK_SPEC,3,OK_SPEC00003,dry,lichen,Collema cocco,SF,Used in preliminary data as well
731,4,OK_SPEC,4,OK_SPEC00004,dry,lichen,Collema cocco,SF,Used in preliminary data as well
731,5,OK_SPEC,5,OK_SPEC00005,dry,lichen,Collema cocco,SF,Used in preliminary data as well
731,1,OK_SPEC,6,OK_SPEC00006,wet,lichen,Collema cocco,SF,Used in preliminary data as well
731,2,OK_SPEC,7,OK_SPEC00007,wet,lichen,Collema cocco,SF,Used in preliminary data as well
731,3,OK_SPEC,8,OK_SPEC00008,wet,lichen,Collema cocco,SF,Used in preliminary data as well
731,4,OK_SPEC,9,OK_SPEC00009,wet,lichen,Collema cocco,SF,Used in preliminary data as well
731,5,OK_SPEC,10,OK_SPEC00010,wet,lichen,Collema cocco,SF,Used in preliminary data as well
728,1,OK_SPEC,11,OK_SPEC00011,dry,bare,bare,SF,Used in preliminary data as well
728,2,OK_SPEC,12,OK_SPEC00012,dry,bare,bare,SF,Used in preliminary data as well
728,3,OK_SPEC,13,OK_SPEC00013,dry,bare,bare,SF,Used in preliminary data as well
728,4,OK_SPEC,14,OK_SPEC00014,dry,bare,bare,SF,Used in preliminary data as well
728,5,OK_SPEC,15,OK_SPEC00015,dry,bare,bare,SF,Used in preliminary data as well
728,1,OK_SPEC,16,OK_SPEC00016,wet,bare,bare,SF,Used in preliminary data as well
728,2,OK_SPEC,17,OK_SPEC00017,wet,bare,bare,SF,Used in preliminary data as well
728,3,OK_SPEC,18,OK_SPEC00018,wet,bare,bare,SF,Used in preliminary data as well
728,4,OK_SPEC,19,OK_SPEC00019,wet,bare,bare,SF,Used in preliminary data as well
728,5,OK_SPEC,20,OK_SPEC00020,wet,bare,bare,SF,Used in preliminary data as well
732,1,OK_SPEC,21,OK_SPEC00021,dry,lichen,Squamarina,SF,Used in preliminary data as well
732,2,OK_SPEC,22,OK_SPEC00022,dry,lichen,Squamarina,SF,Used in preliminary data as well
732,3,OK_SPEC,23,OK_SPEC00023,dry,lichen,Squamarina,SF,Used in preliminary data as well
732,4,OK_SPEC,24,OK_SPEC00024,dry,lichen,Squamarina,SF,Used in preliminary data as well
732,5,OK_SPEC,25,OK_SPEC00025,dry,lichen,Squamarina,SF,Used in preliminary data as well
732,1,OK_SPEC,26,OK_SPEC00026,wet,lichen,Squamarina,SF,Used in preliminary data as well
732,2,OK_SPEC,27,OK_SPEC00027,wet,lichen,Squamarina,SF,Used in preliminary data as well
732,3,OK_SPEC,28,OK_SPEC00028,wet,lichen,Squamarina,SF,Used in preliminary data as well
732,4,OK_SPEC,29,OK_SPEC00029,wet,lichen,Squamarina,SF,Used in preliminary data as well
732,5,OK_SPEC,30,OK_SPEC00030,wet,lichen,Squamarina,SF,Used in preliminary data as well
717,1,OK_SPEC,31,OK_SPEC00031,dry,lichen,Collema cocco,SF,
717,2,OK_SPEC,32,OK_SPEC00032,dry,lichen,Collema cocco,SF,
717,3,OK_SPEC,33,OK_SPEC00033,dry,lichen,Collema cocco,SF,
717,4,OK_SPEC,34,OK_SPEC00034,dry,lichen,Collema cocco,SF,
717,5,OK_SPEC,35,OK_SPEC00035,dry,lichen,Collema cocco,SF,
717,1,OK_SPEC,36,OK_SPEC00036,wet,lichen,Collema cocco,SF,
717,2,OK_SPEC,37,OK_SPEC00037,wet,lichen,Collema cocco,SF,
717,3,OK_SPEC,38,OK_SPEC00038,wet,lichen,Collema cocco,SF,
717,4,OK_SPEC,39,OK_SPEC00039,wet,lichen,Collema cocco,SF,
717,5,OK_SPEC,40,OK_SPEC00040,wet,lichen,Collema cocco,SF,
718,1,OK_SPEC,41,OK_SPEC00041,dry,lichen,Squamarina,SF,
718,2,OK_SPEC,42,OK_SPEC00042,dry,lichen,Squamarina,SF,
718,3,OK_SPEC,43,OK_SPEC00043,dry,lichen,Squamarina,SF,
718,4,OK_SPEC,44,OK_SPEC00044,dry,lichen,Squamarina,SF,
718,5,OK_SPEC,45,OK_SPEC00045,dry,lichen,Squamarina,SF,
718,1,OK_SPEC,46,OK_SPEC00046,wet,lichen,Squamarina,SF,
718,2,OK_SPEC,47,OK_SPEC00047,wet,lichen,Squamarina,SF,
718,3,OK_SPEC,48,OK_SPEC00048,wet,lichen,Squamarina,SF,
718,4,OK_SPEC,49,OK_SPEC00049,wet,lichen,Squamarina,SF,
718,5,OK_SPEC,50,OK_SPEC00050,wet,lichen,Squamarina,SF,
704,1,OK_SPEC,51,OK_SPEC00051,dry,lichen,Collema cocco,SF,
704,2,OK_SPEC,52,OK_SPEC00052,dry,lichen,Collema cocco,SF,
704,3,OK_SPEC,53,OK_SPEC00053,dry,lichen,Collema cocco,SF,
704,4,OK_SPEC,54,OK_SPEC00054,dry,lichen,Collema cocco,SF,
704,5,OK_SPEC,55,OK_SPEC00055,dry,lichen,Collema cocco,SF,
704,1,OK_SPEC,56,OK_SPEC00056,wet,lichen,Collema cocco,SF,
704,2,OK_SPEC,57,OK_SPEC00057,wet,lichen,Collema cocco,SF,
704,3,OK_SPEC,58,OK_SPEC00058,wet,lichen,Collema cocco,SF,
704,4,OK_SPEC,59,OK_SPEC00059,wet,lichen,Collema cocco,SF,
704,5,OK_SPEC,60,OK_SPEC00060,wet,lichen,Collema cocco,SF,
721,1,OK_SPEC,61,OK_SPEC00061,dry,dcy,dcy,SF,
721,2,OK_SPEC,62,OK_SPEC00062,dry,dcy,dcy,SF,
721,3,OK_SPEC,63,OK_SPEC00063,dry,dcy,dcy,SF,
721,4,OK_SPEC,64,OK_SPEC00064,dry,dcy,dcy,SF,
721,5,OK_SPEC,65,OK_SPEC00065,dry,dcy,dcy,SF,
721,1,OK_SPEC,66,OK_SPEC00066,wet,dcy,dcy,SF,
721,2,OK_SPEC,67,OK_SPEC00067,wet,dcy,dcy,SF,
721,3,OK_SPEC,68,OK_SPEC00068,wet,dcy,dcy,SF,
721,4,OK_SPEC,69,OK_SPEC00069,wet,dcy,dcy,SF,
721,5,OK_SPEC,70,OK_SPEC00070,wet,dcy,dcy,SF,
730,1,OK_SPEC,81,OK_SPEC00081,dry,dcy,dcy,SF,
730,2,OK_SPEC,82,OK_SPEC00082,dry,dcy,dcy,SF,
730,3,OK_SPEC,83,OK_SPEC00083,dry,dcy,dcy,SF,
730,4,OK_SPEC,84,OK_SPEC00084,dry,dcy,dcy,SF,
730,5,OK_SPEC,85,OK_SPEC00085,dry,dcy,dcy,SF,
730,1,OK_SPEC,86,OK_SPEC00086,wet,dcy,dcy,SF,
730,2,OK_SPEC,87,OK_SPEC00087,wet,dcy,dcy,SF,
730,3,OK_SPEC,88,OK_SPEC00088,wet,dcy,dcy,SF,
730,4,OK_SPEC,89,OK_SPEC00089,wet,dcy,dcy,SF,
730,5,OK_SPEC,90,OK_SPEC00090,wet,dcy,dcy,SF,
712,1,OK_SPEC,91,OK_SPEC00091,dry,lichen,Collema tenax,SF,
712,2,OK_SPEC,92,OK_SPEC00092,dry,lichen,Collema tenax,SF,
712,3,OK_SPEC,93,OK_SPEC00093,dry,lichen,Collema tenax,SF,
712,4,OK_SPEC,94,OK_SPEC00094,dry,lichen,Collema tenax,SF,
712,5,OK_SPEC,95,OK_SPEC00095,dry,lichen,Collema tenax,SF,
712,1,OK_SPEC,96,OK_SPEC00096,wet,lichen,Collema tenax,SF,
712,2,OK_SPEC,97,OK_SPEC00097,wet,lichen,Collema tenax,SF,
712,3,OK_SPEC,98,OK_SPEC00098,wet,lichen,Collema tenax,SF,
712,4,OK_SPEC,99,OK_SPEC00099,wet,lichen,Collema tenax,SF,
712,5,OK_SPEC,100,OK_SPEC00100,wet,lichen,Collema tenax,SF,
729,1,OK_SPEC,101,OK_SPEC00101,dry,lcy,lcy,SF,
729,2,OK_SPEC,102,OK_SPEC00102,dry,lcy,lcy,SF,
729,3,OK_SPEC,103,OK_SPEC00103,dry,lcy,lcy,SF,
729,4,OK_SPEC,104,OK_SPEC00104,dry,lcy,lcy,SF,
729,5,OK_SPEC,105,OK_SPEC00105,dry,lcy,lcy,SF,
729,1,OK_SPEC,106,OK_SPEC00106,wet,lcy,lcy,SF,
729,2,OK_SPEC,107,OK_SPEC00107,wet,lcy,lcy,SF,
729,3,OK_SPEC,108,OK_SPEC00108,wet,lcy,lcy,SF,
729,4,OK_SPEC,109,OK_SPEC00109,wet,lcy,lcy,SF,
729,5,OK_SPEC,110,OK_SPEC00110,wet,lcy,lcy,SF,
727,1,OK_SPEC,111,OK_SPEC00111,dry,dcy,dcy,SF,
727,2,OK_SPEC,112,OK_SPEC00112,dry,dcy,dcy,SF,
727,3,OK_SPEC,113,OK_SPEC00113,dry,dcy,dcy,SF,
727,4,OK_SPEC,114,OK_SPEC00114,dry,dcy,dcy,SF,
727,5,OK_SPEC,115,OK_SPEC00115,dry,dcy,dcy,SF,
727,1,OK_SPEC,116,OK_SPEC00116,wet,dcy,dcy,SF,
727,2,OK_SPEC,117,OK_SPEC00117,wet,dcy,dcy,SF,
727,3,OK_SPEC,118,OK_SPEC00118,wet,dcy,dcy,SF,
727,4,OK_SPEC,119,OK_SPEC00119,wet,dcy,dcy,SF,
727,5,OK_SPEC,120,OK_SPEC00120,wet,dcy,dcy,SF,
726,1,OK_SPEC,121,OK_SPEC00121,dry,lcy,lcy,SF,
726,2,OK_SPEC,122,OK_SPEC00122,dry,lcy,lcy,SF,
726,3,OK_SPEC,123,OK_SPEC00123,dry,lcy,lcy,SF,
726,4,OK_SPEC,124,OK_SPEC00124,dry,lcy,lcy,SF,
726,5,OK_SPEC,125,OK_SPEC00125,dry,lcy,lcy,SF,
726,1,OK_SPEC,126,OK_SPEC00126,wet,lcy,lcy,SF,
726,2,OK_SPEC,127,OK_SPEC00127,wet,lcy,lcy,SF,
726,3,OK_SPEC,128,OK_SPEC00128,wet,lcy,lcy,SF,
726,4,OK_SPEC,129,OK_SPEC00129,wet,lcy,lcy,SF,
726,5,OK_SPEC,130,OK_SPEC00130,wet,lcy,lcy,SF,
716,1,OK_SPEC,131,OK_SPEC00131,dry,lichen,Squamarina,SF,
716,2,OK_SPEC,132,OK_SPEC00132,dry,lichen,Squamarina,SF,
716,3,OK_SPEC,133,OK_SPEC00133,dry,lichen,Squamarina,SF,
716,4,OK_SPEC,134,OK_SPEC00134,dry,lichen,Squamarina,SF,
716,5,OK_SPEC,135,OK_SPEC00135,dry,lichen,Squamarina,SF,
716,1,OK_SPEC,136,OK_SPEC00136,wet,lichen,Squamarina,SF,
716,2,OK_SPEC,137,OK_SPEC00137,wet,lichen,Squamarina,SF,
716,3,OK_SPEC,138,OK_SPEC00138,wet,lichen,Squamarina,SF,
716,4,OK_SPEC,139,OK_SPEC00139,wet,lichen,Squamarina,SF,
716,5,OK_SPEC,140,OK_SPEC00140,wet,lichen,Squamarina,SF,
706,1,OK_SPEC,141,OK_SPEC00141,dry,lcy,lcy,SF,
706,2,OK_SPEC,142,OK_SPEC00142,dry,lcy,lcy,SF,
706,3,OK_SPEC,143,OK_SPEC00143,dry,lcy,lcy,SF,
706,4,OK_SPEC,144,OK_SPEC00144,dry,lcy,lcy,SF,
706,5,OK_SPEC,145,OK_SPEC00145,dry,lcy,lcy,SF,
706,1,OK_SPEC,146,OK_SPEC00146,wet,lcy,lcy,SF,
706,2,OK_SPEC,147,OK_SPEC00147,wet,lcy,lcy,SF,
706,3,OK_SPEC,148,OK_SPEC00148,wet,lcy,lcy,SF,
706,4,OK_SPEC,149,OK_SPEC00149,wet,lcy,lcy,SF,
706,5,OK_SPEC,150,OK_SPEC00150,wet,lcy,lcy,SF,
708,1,OK_SPEC,151,OK_SPEC00151,dry,lichen,Squamarina,SF,
708,2,OK_SPEC,152,OK_SPEC00152,dry,lichen,Squamarina,SF,
708,3,OK_SPEC,153,OK_SPEC00153,dry,lichen,Squamarina,SF,
708,4,OK_SPEC,154,OK_SPEC00154,dry,lichen,Squamarina,SF,
708,5,OK_SPEC,155,OK_SPEC00155,dry,lichen,Squamarina,SF,
708,1,OK_SPEC,156,OK_SPEC00156,wet,lichen,Squamarina,SF,
708,2,OK_SPEC,157,OK_SPEC00157,wet,lichen,Squamarina,SF,
708,3,OK_SPEC,158,OK_SPEC00158,wet,lichen,Squamarina,SF,
708,4,OK_SPEC,159,OK_SPEC00159,wet,lichen,Squamarina,SF,
708,5,OK_SPEC,160,OK_SPEC00160,wet,lichen,Squamarina,SF,
709,1,OK_SPEC,161,OK_SPEC00161,dry,bare,bare,SF,
709,2,OK_SPEC,162,OK_SPEC00162,dry,bare,bare,SF,
709,3,OK_SPEC,163,OK_SPEC00163,dry,bare,bare,SF,
709,4,OK_SPEC,164,OK_SPEC00164,dry,bare,bare,SF,
709,5,OK_SPEC,165,OK_SPEC00165,dry,bare,bare,SF,
709,1,OK_SPEC,166,OK_SPEC00166,wet,bare,bare,SF,
709,2,OK_SPEC,167,OK_SPEC00167,wet,bare,bare,SF,
709,3,OK_SPEC,168,OK_SPEC00168,wet,bare,bare,SF,
709,4,OK_SPEC,169,OK_SPEC00169,wet,bare,bare,SF,
709,5,OK_SPEC,170,OK_SPEC00170,wet,bare,bare,SF,
705,1,OK_SPEC,171,OK_SPEC00171,wet,bare,bare,SF,sample wetted without taking dry readings first. Will take dry reading when sample fully air dries 
705,2,OK_SPEC,172,OK_SPEC00172,wet,bare,bare,SF,sample wetted without taking dry readings first. Will take dry reading when sample fully air dries 
705,3,OK_SPEC,173,OK_SPEC00173,wet,bare,bare,SF,sample wetted without taking dry readings first. Will take dry reading when sample fully air dries 
705,4,OK_SPEC,174,OK_SPEC00174,wet,bare,bare,SF,sample wetted without taking dry readings first. Will take dry reading when sample fully air dries 
705,5,OK_SPEC,175,OK_SPEC00175,wet,bare,bare,SF,sample wetted without taking dry readings first. Will take dry reading when sample fully air dries 
713,1,OK_SPEC,176,OK_SPEC00176,dry,bare,bare,SF,
713,2,OK_SPEC,177,OK_SPEC00177,dry,bare,bare,SF,
713,3,OK_SPEC,178,OK_SPEC00178,dry,bare,bare,SF,
713,4,OK_SPEC,179,OK_SPEC00179,dry,bare,bare,SF,
713,5,OK_SPEC,180,OK_SPEC00180,dry,bare,bare,SF,
713,1,OK_SPEC,181,OK_SPEC00181,wet,bare,bare,SF,
713,2,OK_SPEC,182,OK_SPEC00182,wet,bare,bare,SF,
713,3,OK_SPEC,183,OK_SPEC00183,wet,bare,bare,SF,
713,4,OK_SPEC,184,OK_SPEC00184,wet,bare,bare,SF,
713,5,OK_SPEC,185,OK_SPEC00185,wet,bare,bare,SF,
710,1,OK_SPEC,186,OK_SPEC00186,dry,lcy,lcy,SF,
710,2,OK_SPEC,187,OK_SPEC00187,dry,lcy,lcy,SF,
710,3,OK_SPEC,188,OK_SPEC00188,dry,lcy,lcy,SF,
710,4,OK_SPEC,189,OK_SPEC00189,dry,lcy,lcy,SF,
710,5,OK_SPEC,190,OK_SPEC00190,dry,lcy,lcy,SF,
710,1,OK_SPEC,191,OK_SPEC00191,wet,lcy,lcy,SF,
710,2,OK_SPEC,192,OK_SPEC00192,wet,lcy,lcy,SF,
710,3,OK_SPEC,193,OK_SPEC00193,wet,lcy,lcy,SF,
710,4,OK_SPEC,194,OK_SPEC00194,wet,lcy,lcy,SF,
710,5,OK_SPEC,195,OK_SPEC00195,wet,lcy,lcy,SF,
707,1,OK_SPEC,196,OK_SPEC00196,dry,dcy,dcy,SF,
707,2,OK_SPEC,197,OK_SPEC00197,dry,dcy,dcy,SF,
707,3,OK_SPEC,198,OK_SPEC00198,dry,dcy,dcy,SF,
707,4,OK_SPEC,199,OK_SPEC00199,dry,dcy,dcy,SF,
707,5,OK_SPEC,200,OK_SPEC00200,dry,dcy,dcy,SF,
707,1,OK_SPEC,201,OK_SPEC00201,wet,dcy,dcy,SF,
707,2,OK_SPEC,202,OK_SPEC00202,wet,dcy,dcy,SF,
707,3,OK_SPEC,203,OK_SPEC00203,wet,dcy,dcy,SF,
707,4,OK_SPEC,204,OK_SPEC00204,wet,dcy,dcy,SF,
707,5,OK_SPEC,205,OK_SPEC00205,wet,dcy,dcy,SF,
711,1,OK_SPEC,206,OK_SPEC00206,dry,dcy,dcy,SF,
711,2,OK_SPEC,207,OK_SPEC00207,dry,dcy,dcy,SF,
711,3,OK_SPEC,208,OK_SPEC00208,dry,dcy,dcy,SF,
711,4,OK_SPEC,209,OK_SPEC00209,dry,dcy,dcy,SF,
711,5,OK_SPEC,210,OK_SPEC00210,dry,dcy,dcy,SF,
711,1,OK_SPEC,211,OK_SPEC00211,wet,dcy,dcy,SF,
711,2,OK_SPEC,212,OK_SPEC00212,wet,dcy,dcy,SF,
711,3,OK_SPEC,213,OK_SPEC00213,wet,dcy,dcy,SF,
711,4,OK_SPEC,214,OK_SPEC00214,wet,dcy,dcy,SF,
711,5,OK_SPEC,215,OK_SPEC00215,wet,dcy,dcy,SF,
714,1,OK_SPEC,216,OK_SPEC00216,dry,lcy,lcy,SF,
714,2,OK_SPEC,217,OK_SPEC00217,dry,lcy,lcy,SF,
714,3,OK_SPEC,218,OK_SPEC00218,dry,lcy,lcy,SF,
714,4,OK_SPEC,219,OK_SPEC00219,dry,lcy,lcy,SF,
714,5,OK_SPEC,220,OK_SPEC00220,dry,lcy,lcy,SF,
714,1,OK_SPEC,221,OK_SPEC00221,wet,lcy,lcy,SF,
714,2,OK_SPEC,222,OK_SPEC00222,wet,lcy,lcy,SF,
714,3,OK_SPEC,223,OK_SPEC00223,wet,lcy,lcy,SF,
714,4,OK_SPEC,224,OK_SPEC00224,wet,lcy,lcy,SF,
714,5,OK_SPEC,225,OK_SPEC00225,wet,lcy,lcy,SF,
702,1,OK_SPEC,226,OK_SPEC00226,dry,lcy,lcy,SF,
702,2,OK_SPEC,227,OK_SPEC00227,dry,lcy,lcy,SF,
702,3,OK_SPEC,228,OK_SPEC00228,dry,lcy,lcy,SF,
702,4,OK_SPEC,229,OK_SPEC00229,dry,lcy,lcy,SF,
702,5,OK_SPEC,230,OK_SPEC00230,dry,lcy,lcy,SF,
702,1,OK_SPEC,231,OK_SPEC00231,wet,lcy,lcy,SF,
702,2,OK_SPEC,232,OK_SPEC00232,wet,lcy,lcy,SF,
702,3,OK_SPEC,233,OK_SPEC00233,wet,lcy,lcy,SF,
702,4,OK_SPEC,234,OK_SPEC00234,wet,lcy,lcy,SF,
702,5,OK_SPEC,235,OK_SPEC00235,wet,lcy,lcy,SF,
723,1,OK_SPEC,236,OK_SPEC00236,dry,lcy,lcy,SF,
723,2,OK_SPEC,237,OK_SPEC00237,dry,lcy,lcy,SF,
723,3,OK_SPEC,238,OK_SPEC00238,dry,lcy,lcy,SF,
723,4,OK_SPEC,239,OK_SPEC00239,dry,lcy,lcy,SF,
723,5,OK_SPEC,240,OK_SPEC00240,dry,lcy,lcy,SF,
723,1,OK_SPEC,241,OK_SPEC00241,wet,lcy,lcy,SF,
723,2,OK_SPEC,242,OK_SPEC00242,wet,lcy,lcy,SF,
723,3,OK_SPEC,243,OK_SPEC00243,wet,lcy,lcy,SF,
723,4,OK_SPEC,244,OK_SPEC00244,wet,lcy,lcy,SF,
723,5,OK_SPEC,245,OK_SPEC00245,wet,lcy,lcy,SF,
720,1,OK_SPEC,246,OK_SPEC00246,dry,lcy,lcy,SF,
720,2,OK_SPEC,247,OK_SPEC00247,dry,lcy,lcy,SF,
720,3,OK_SPEC,248,OK_SPEC00248,dry,lcy,lcy,SF,
720,4,OK_SPEC,249,OK_SPEC00249,dry,lcy,lcy,SF,
720,5,OK_SPEC,250,OK_SPEC00250,dry,lcy,lcy,SF,
720,1,OK_SPEC,251,OK_SPEC00251,wet,lcy,lcy,SF,
720,2,OK_SPEC,252,OK_SPEC00252,wet,lcy,lcy,SF,
720,3,OK_SPEC,253,OK_SPEC00253,wet,lcy,lcy,SF,
720,4,OK_SPEC,254,OK_SPEC00254,wet,lcy,lcy,SF,
720,5,OK_SPEC,255,OK_SPEC00255,wet,lcy,lcy,SF,
724,1,OK_SPEC,256,OK_SPEC00256,dry,dcy,dcy,SF,
724,2,OK_SPEC,257,OK_SPEC00257,dry,dcy,dcy,SF,
724,3,OK_SPEC,258,OK_SPEC00258,dry,dcy,dcy,SF,
724,4,OK_SPEC,259,OK_SPEC00259,dry,dcy,dcy,SF,
724,5,OK_SPEC,260,OK_SPEC00260,dry,dcy,dcy,SF,
724,1,OK_SPEC,261,OK_SPEC00261,wet,dcy,dcy,SF,
724,2,OK_SPEC,262,OK_SPEC00262,wet,dcy,dcy,SF,
724,3,OK_SPEC,263,OK_SPEC00263,wet,dcy,dcy,SF,
724,4,OK_SPEC,264,OK_SPEC00264,wet,dcy,dcy,SF,
724,5,OK_SPEC,265,OK_SPEC00265,wet,dcy,dcy,SF,
722,1,OK_SPEC,266,OK_SPEC00266,dry,bare,bare,SF,
722,2,OK_SPEC,267,OK_SPEC00267,dry,bare,bare,SF,
722,3,OK_SPEC,268,OK_SPEC00268,dry,bare,bare,SF,
722,4,OK_SPEC,269,OK_SPEC00269,dry,bare,bare,SF,
722,5,OK_SPEC,270,OK_SPEC00270,dry,bare,bare,SF,
722,1,OK_SPEC,271,OK_SPEC00271,wet,bare,bare,SF,
722,2,OK_SPEC,272,OK_SPEC00272,wet,bare,bare,SF,
722,3,OK_SPEC,273,OK_SPEC00273,wet,bare,bare,SF,
722,4,OK_SPEC,274,OK_SPEC00274,wet,bare,bare,SF,
722,5,OK_SPEC,275,OK_SPEC00275,wet,bare,bare,SF,
701,1,OK_SPEC,276,OK_SPEC00276,dry,bare,bare,SF,
701,2,OK_SPEC,277,OK_SPEC00277,dry,bare,bare,SF,
701,3,OK_SPEC,278,OK_SPEC00278,dry,bare,bare,SF,
701,4,OK_SPEC,279,OK_SPEC00279,dry,bare,bare,SF,
701,5,OK_SPEC,280,OK_SPEC00280,dry,bare,bare,SF,
701,1,OK_SPEC,281,OK_SPEC00281,wet,bare,bare,SF,
701,2,OK_SPEC,282,OK_SPEC00282,wet,bare,bare,SF,
701,3,OK_SPEC,283,OK_SPEC00283,wet,bare,bare,SF,
701,4,OK_SPEC,284,OK_SPEC00284,wet,bare,bare,SF,
701,5,OK_SPEC,285,OK_SPEC00285,wet,bare,bare,SF,
719,1,OK_SPEC,286,OK_SPEC00286,dry,bare,bare,SF,
719,2,OK_SPEC,287,OK_SPEC00287,dry,bare,bare,SF,
719,3,OK_SPEC,288,OK_SPEC00288,dry,bare,bare,SF,
719,4,OK_SPEC,289,OK_SPEC00289,dry,bare,bare,SF,
719,5,OK_SPEC,290,OK_SPEC00290,dry,bare,bare,SF,
719,1,OK_SPEC,291,OK_SPEC00291,wet,bare,bare,SF,
719,2,OK_SPEC,292,OK_SPEC00292,wet,bare,bare,SF,
719,3,OK_SPEC,293,OK_SPEC00293,wet,bare,bare,SF,
719,4,OK_SPEC,294,OK_SPEC00294,wet,bare,bare,SF,
719,5,OK_SPEC,295,OK_SPEC00295,wet,bare,bare,SF,
703,1,OK_SPEC,296,OK_SPEC00296,dry,dcy,dcy,SF,
703,2,OK_SPEC,297,OK_SPEC00297,dry,dcy,dcy,SF,
703,3,OK_SPEC,298,OK_SPEC00298,dry,dcy,dcy,SF,
703,4,OK_SPEC,299,OK_SPEC00299,dry,dcy,dcy,SF,
703,5,OK_SPEC,300,OK_SPEC00300,dry,dcy,dcy,SF,
703,1,OK_SPEC,301,OK_SPEC00301,wet,dcy,dcy,SF,
703,2,OK_SPEC,302,OK_SPEC00302,wet,dcy,dcy,SF,
703,3,OK_SPEC,303,OK_SPEC00303,wet,dcy,dcy,SF,
703,4,OK_SPEC,304,OK_SPEC00304,wet,dcy,dcy,SF,
703,5,OK_SPEC,305,OK_SPEC00305,wet,dcy,dcy,SF,
101,1,OK_SPEC,306,OK_SPEC00306,dry,moss,Syntrichia caninervis,IC2,
101,2,OK_SPEC,307,OK_SPEC00307,dry,moss,Syntrichia caninervis,IC2,
101,3,OK_SPEC,308,OK_SPEC00308,dry,moss,Syntrichia caninervis,IC2,
101,4,OK_SPEC,309,OK_SPEC00309,dry,moss,Syntrichia caninervis,IC2,
101,5,OK_SPEC,310,OK_SPEC00310,dry,moss,Syntrichia caninervis,IC2,
101,1,OK_SPEC,311,OK_SPEC00311,wet,moss,Syntrichia caninervis,IC2,
101,2,OK_SPEC,312,OK_SPEC00312,wet,moss,Syntrichia caninervis,IC2,
101,3,OK_SPEC,313,OK_SPEC00313,wet,moss,Syntrichia caninervis,IC2,
101,4,OK_SPEC,314,OK_SPEC00314,wet,moss,Syntrichia caninervis,IC2,
101,5,OK_SPEC,315,OK_SPEC00315,wet,moss,Syntrichia caninervis,IC2,
102,1,OK_SPEC,316,OK_SPEC00316,dry,lcy,lcy,IC2,
102,2,OK_SPEC,317,OK_SPEC00317,dry,lcy,lcy,IC2,
102,3,OK_SPEC,318,OK_SPEC00318,dry,lcy,lcy,IC2,
102,4,OK_SPEC,319,OK_SPEC00319,dry,lcy,lcy,IC2,
102,5,OK_SPEC,320,OK_SPEC00320,dry,lcy,lcy,IC2,
102,1,OK_SPEC,321,OK_SPEC00321,wet,lcy,lcy,IC2,
102,2,OK_SPEC,322,OK_SPEC00322,wet,lcy,lcy,IC2,
102,3,OK_SPEC,323,OK_SPEC00323,wet,lcy,lcy,IC2,
102,4,OK_SPEC,324,OK_SPEC00324,wet,lcy,lcy,IC2,
102,5,OK_SPEC,325,OK_SPEC00325,wet,lcy,lcy,IC2,
103,1,OK_SPEC,326,OK_SPEC00326,dry,bare,bare,IC2,
103,2,OK_SPEC,327,OK_SPEC00327,dry,bare,bare,IC2,
103,3,OK_SPEC,328,OK_SPEC00328,dry,bare,bare,IC2,
103,4,OK_SPEC,329,OK_SPEC00329,dry,bare,bare,IC2,
103,5,OK_SPEC,330,OK_SPEC00330,dry,bare,bare,IC2,
103,1,OK_SPEC,331,OK_SPEC00331,wet,bare,bare,IC2,
103,2,OK_SPEC,332,OK_SPEC00332,wet,bare,bare,IC2,
103,3,OK_SPEC,333,OK_SPEC00333,wet,bare,bare,IC2,
103,4,OK_SPEC,334,OK_SPEC00334,wet,bare,bare,IC2,
103,5,OK_SPEC,335,OK_SPEC00335,wet,bare,bare,IC2,
104,1,OK_SPEC,336,OK_SPEC00336,dry,lcy,lcy,IC2,
104,2,OK_SPEC,337,OK_SPEC00337,dry,lcy,lcy,IC2,
104,3,OK_SPEC,338,OK_SPEC00338,dry,lcy,lcy,IC2,
104,4,OK_SPEC,339,OK_SPEC00339,dry,lcy,lcy,IC2,
104,5,OK_SPEC,340,OK_SPEC00340,dry,lcy,lcy,IC2,
104,1,OK_SPEC,341,OK_SPEC00341,wet,lcy,lcy,IC2,
104,2,OK_SPEC,342,OK_SPEC00342,wet,lcy,lcy,IC2,
104,3,OK_SPEC,343,OK_SPEC00343,wet,lcy,lcy,IC2,
104,4,OK_SPEC,344,OK_SPEC00344,wet,lcy,lcy,IC2,
104,5,OK_SPEC,345,OK_SPEC00345,wet,lcy,lcy,IC2,
106,1,OK_SPEC,346,OK_SPEC00346,dry,bare,bare,IC2,
106,2,OK_SPEC,347,OK_SPEC00347,dry,bare,bare,IC2,
106,3,OK_SPEC,348,OK_SPEC00348,dry,bare,bare,IC2,
106,4,OK_SPEC,349,OK_SPEC00349,dry,bare,bare,IC2,
106,5,OK_SPEC,350,OK_SPEC00350,dry,bare,bare,IC2,
106,1,OK_SPEC,351,OK_SPEC00351,wet,bare,bare,IC2,
106,2,OK_SPEC,352,OK_SPEC00352,wet,bare,bare,IC2,
106,3,OK_SPEC,353,OK_SPEC00353,wet,bare,bare,IC2,
106,4,OK_SPEC,354,OK_SPEC00354,wet,bare,bare,IC2,
106,5,OK_SPEC,355,OK_SPEC00355,wet,bare,bare,IC2,
107,1,OK_SPEC,356,OK_SPEC00356,dry,bare,bare,IC2,
107,2,OK_SPEC,357,OK_SPEC00357,dry,bare,bare,IC2,
107,3,OK_SPEC,358,OK_SPEC00358,dry,bare,bare,IC2,
107,4,OK_SPEC,359,OK_SPEC00359,dry,bare,bare,IC2,
107,5,OK_SPEC,360,OK_SPEC00360,dry,bare,bare,IC2,
107,1,OK_SPEC,361,OK_SPEC00361,wet,bare,bare,IC2,
107,2,OK_SPEC,362,OK_SPEC00362,wet,bare,bare,IC2,
107,3,OK_SPEC,363,OK_SPEC00363,wet,bare,bare,IC2,
107,4,OK_SPEC,364,OK_SPEC00364,wet,bare,bare,IC2,
107,5,OK_SPEC,365,OK_SPEC00365,wet,bare,bare,IC2,
108,1,OK_SPEC,366,OK_SPEC00366,dry,lcy,lcy,IC2,
108,2,OK_SPEC,367,OK_SPEC00367,dry,lcy,lcy,IC2,
108,3,OK_SPEC,368,OK_SPEC00368,dry,lcy,lcy,IC2,
108,4,OK_SPEC,369,OK_SPEC00369,dry,lcy,lcy,IC2,
108,5,OK_SPEC,370,OK_SPEC00370,dry,lcy,lcy,IC2,
108,1,OK_SPEC,371,OK_SPEC00371,wet,lcy,lcy,IC2,
108,2,OK_SPEC,372,OK_SPEC00372,wet,lcy,lcy,IC2,
108,3,OK_SPEC,373,OK_SPEC00373,wet,lcy,lcy,IC2,
108,4,OK_SPEC,374,OK_SPEC00374,wet,lcy,lcy,IC2,
108,5,OK_SPEC,375,OK_SPEC00375,wet,lcy,lcy,IC2,
109,1,OK_SPEC,376,OK_SPEC00376,dry,moss,Syntrichia caninervis,IC2,
109,2,OK_SPEC,377,OK_SPEC00377,dry,moss,Syntrichia caninervis,IC2,
109,3,OK_SPEC,378,OK_SPEC00378,dry,moss,Syntrichia caninervis,IC2,
109,4,OK_SPEC,379,OK_SPEC00379,dry,moss,Syntrichia caninervis,IC2,
109,5,OK_SPEC,380,OK_SPEC00380,dry,moss,Syntrichia caninervis,IC2,
109,1,OK_SPEC,381,OK_SPEC00381,wet,moss,Syntrichia caninervis,IC2,
109,2,OK_SPEC,382,OK_SPEC00382,wet,moss,Syntrichia caninervis,IC2,
109,3,OK_SPEC,383,OK_SPEC00383,wet,moss,Syntrichia caninervis,IC2,
109,4,OK_SPEC,384,OK_SPEC00384,wet,moss,Syntrichia caninervis,IC2,
109,5,OK_SPEC,385,OK_SPEC00385,wet,moss,Syntrichia caninervis,IC2,
110,1,OK_SPEC,386,OK_SPEC00386,dry,bare,bare,IC2,
110,2,OK_SPEC,387,OK_SPEC00387,dry,bare,bare,IC2,
110,3,OK_SPEC,388,OK_SPEC00388,dry,bare,bare,IC2,
110,4,OK_SPEC,389,OK_SPEC00389,dry,bare,bare,IC2,
110,5,OK_SPEC,390,OK_SPEC00390,dry,bare,bare,IC2,
110,1,OK_SPEC,391,OK_SPEC00391,wet,bare,bare,IC2,
110,2,OK_SPEC,392,OK_SPEC00392,wet,bare,bare,IC2,
110,3,OK_SPEC,393,OK_SPEC00393,wet,bare,bare,IC2,
110,4,OK_SPEC,394,OK_SPEC00394,wet,bare,bare,IC2,
110,5,OK_SPEC,395,OK_SPEC00395,wet,bare,bare,IC2,
111,1,OK_SPEC,396,OK_SPEC00396,dry,lcy,lcy,IC2,
111,2,OK_SPEC,397,OK_SPEC00397,dry,lcy,lcy,IC2,
111,3,OK_SPEC,398,OK_SPEC00398,dry,lcy,lcy,IC2,
111,4,OK_SPEC,399,OK_SPEC00399,dry,lcy,lcy,IC2,
111,5,OK_SPEC,400,OK_SPEC00400,dry,lcy,lcy,IC2,
111,1,OK_SPEC,401,OK_SPEC00401,wet,lcy,lcy,IC2,
111,2,OK_SPEC,402,OK_SPEC00402,wet,lcy,lcy,IC2,
111,3,OK_SPEC,403,OK_SPEC00403,wet,lcy,lcy,IC2,
111,4,OK_SPEC,404,OK_SPEC00404,wet,lcy,lcy,IC2,
111,5,OK_SPEC,405,OK_SPEC00405,wet,lcy,lcy,IC2,
112,1,OK_SPEC,406,OK_SPEC00406,dry,moss,Syntrichia caninervis,IC2,
112,2,OK_SPEC,407,OK_SPEC00407,dry,moss,Syntrichia caninervis,IC2,
112,3,OK_SPEC,408,OK_SPEC00408,dry,moss,Syntrichia caninervis,IC2,
112,4,OK_SPEC,409,OK_SPEC00409,dry,moss,Syntrichia caninervis,IC2,
112,5,OK_SPEC,410,OK_SPEC00410,dry,moss,Syntrichia caninervis,IC2,
112,1,OK_SPEC,411,OK_SPEC00411,wet,moss,Syntrichia caninervis,IC2,
112,2,OK_SPEC,412,OK_SPEC00412,wet,moss,Syntrichia caninervis,IC2,
112,3,OK_SPEC,413,OK_SPEC00413,wet,moss,Syntrichia caninervis,IC2,
112,4,OK_SPEC,414,OK_SPEC00414,wet,moss,Syntrichia caninervis,IC2,
112,5,OK_SPEC,415,OK_SPEC00415,wet,moss,Syntrichia caninervis,IC2,
113,1,OK_SPEC,416,OK_SPEC00416,dry,bare,bare,IC2,
113,2,OK_SPEC,417,OK_SPEC00417,dry,bare,bare,IC2,
113,3,OK_SPEC,418,OK_SPEC00418,dry,bare,bare,IC2,
113,4,OK_SPEC,419,OK_SPEC00419,dry,bare,bare,IC2,
113,5,OK_SPEC,420,OK_SPEC00420,dry,bare,bare,IC2,
113,1,OK_SPEC,421,OK_SPEC00421,wet,bare,bare,IC2,
113,2,OK_SPEC,422,OK_SPEC00422,wet,bare,bare,IC2,
113,3,OK_SPEC,423,OK_SPEC00423,wet,bare,bare,IC2,
113,4,OK_SPEC,424,OK_SPEC00424,wet,bare,bare,IC2,
113,5,OK_SPEC,425,OK_SPEC00425,wet,bare,bare,IC2,
114,1,OK_SPEC,426,OK_SPEC00426,dry,lcy,lcy,IC2,
114,2,OK_SPEC,427,OK_SPEC00427,dry,lcy,lcy,IC2,
114,3,OK_SPEC,428,OK_SPEC00428,dry,lcy,lcy,IC2,
114,4,OK_SPEC,429,OK_SPEC00429,dry,lcy,lcy,IC2,
114,5,OK_SPEC,430,OK_SPEC00430,dry,lcy,lcy,IC2,
114,1,OK_SPEC,431,OK_SPEC00431,wet,lcy,lcy,IC2,
114,2,OK_SPEC,432,OK_SPEC00432,wet,lcy,lcy,IC2,
114,3,OK_SPEC,433,OK_SPEC00433,wet,lcy,lcy,IC2,
114,4,OK_SPEC,434,OK_SPEC00434,wet,lcy,lcy,IC2,
114,5,OK_SPEC,435,OK_SPEC00435,wet,lcy,lcy,IC2,
115,1,OK_SPEC,436,OK_SPEC00436,dry,moss,Syntrichia caninervis,IC2,
115,2,OK_SPEC,437,OK_SPEC00437,dry,moss,Syntrichia caninervis,IC2,
115,3,OK_SPEC,438,OK_SPEC00438,dry,moss,Syntrichia caninervis,IC2,
115,4,OK_SPEC,439,OK_SPEC00439,dry,moss,Syntrichia caninervis,IC2,
115,5,OK_SPEC,440,OK_SPEC00440,dry,moss,Syntrichia caninervis,IC2,
115,1,OK_SPEC,441,OK_SPEC00441,wet,moss,Syntrichia caninervis,IC2,
115,2,OK_SPEC,442,OK_SPEC00442,wet,moss,Syntrichia caninervis,IC2,
115,3,OK_SPEC,443,OK_SPEC00443,wet,moss,Syntrichia caninervis,IC2,
115,4,OK_SPEC,444,OK_SPEC00444,wet,moss,Syntrichia caninervis,IC2,
115,5,OK_SPEC,445,OK_SPEC00445,wet,bare,bare,IC2,
116,1,OK_SPEC,446,OK_SPEC00446,dry,bare,bare,IC2,
116,2,OK_SPEC,447,OK_SPEC00447,dry,bare,bare,IC2,
116,3,OK_SPEC,448,OK_SPEC00448,dry,bare,bare,IC2,
116,4,OK_SPEC,449,OK_SPEC00449,dry,bare,bare,IC2,
116,5,OK_SPEC,450,OK_SPEC00450,dry,bare,bare,IC2,
116,1,OK_SPEC,451,OK_SPEC00451,wet,bare,bare,IC2,
116,2,OK_SPEC,452,OK_SPEC00452,wet,bare,bare,IC2,
116,3,OK_SPEC,453,OK_SPEC00453,wet,bare,bare,IC2,
116,4,OK_SPEC,454,OK_SPEC00454,wet,bare,bare,IC2,
116,5,OK_SPEC,455,OK_SPEC00455,wet,bare,bare,IC2,
117,1,OK_SPEC,456,OK_SPEC00456,dry,lcy,lcy,IC2,
117,2,OK_SPEC,457,OK_SPEC00457,dry,lcy,lcy,IC2,
117,3,OK_SPEC,458,OK_SPEC00458,dry,lcy,lcy,IC2,
117,4,OK_SPEC,459,OK_SPEC00459,dry,lcy,lcy,IC2,
117,5,OK_SPEC,460,OK_SPEC00460,dry,lcy,lcy,IC2,
117,1,OK_SPEC,461,OK_SPEC00461,wet,lcy,lcy,IC2,
117,2,OK_SPEC,462,OK_SPEC00462,wet,lcy,lcy,IC2,
117,3,OK_SPEC,463,OK_SPEC00463,wet,lcy,lcy,IC2,
117,4,OK_SPEC,464,OK_SPEC00464,wet,lcy,lcy,IC2,
117,5,OK_SPEC,465,OK_SPEC00465,wet,lcy,lcy,IC2,
118,1,OK_SPEC,466,OK_SPEC00466,dry,moss,Syntrichia caninervis,IC2,
118,2,OK_SPEC,467,OK_SPEC00467,dry,moss,Syntrichia caninervis,IC2,
118,3,OK_SPEC,468,OK_SPEC00468,dry,moss,Syntrichia caninervis,IC2,
118,4,OK_SPEC,469,OK_SPEC00469,dry,moss,Syntrichia caninervis,IC2,
118,5,OK_SPEC,470,OK_SPEC00470,dry,moss,Syntrichia caninervis,IC2,
118,1,OK_SPEC,471,OK_SPEC00471,wet,moss,Syntrichia caninervis,IC2,waited a bit longer after wetting
118,2,OK_SPEC,472,OK_SPEC00472,wet,moss,Syntrichia caninervis,IC2,
118,3,OK_SPEC,473,OK_SPEC00473,wet,moss,Syntrichia caninervis,IC2,
118,4,OK_SPEC,474,OK_SPEC00474,wet,moss,Syntrichia caninervis,IC2,
118,5,OK_SPEC,475,OK_SPEC00475,wet,moss,Syntrichia caninervis,IC2,
119,1,OK_SPEC,476,OK_SPEC00476,dry,bare,bare,IC2,
119,2,OK_SPEC,477,OK_SPEC00477,dry,bare,bare,IC2,
119,3,OK_SPEC,478,OK_SPEC00478,dry,bare,bare,IC2,
119,4,OK_SPEC,479,OK_SPEC00479,dry,bare,bare,IC2,
119,5,OK_SPEC,480,OK_SPEC00480,dry,bare,bare,IC2,
119,1,OK_SPEC,481,OK_SPEC00481,wet,bare,bare,IC2,
119,2,OK_SPEC,482,OK_SPEC00482,wet,bare,bare,IC2,
119,3,OK_SPEC,483,OK_SPEC00483,wet,bare,bare,IC2,
119,4,OK_SPEC,484,OK_SPEC00484,wet,bare,bare,IC2,
119,5,OK_SPEC,485,OK_SPEC00485,wet,bare,bare,IC2,
120,1,OK_SPEC,486,OK_SPEC00486,dry,lcy,lcy,IC2,
120,2,OK_SPEC,487,OK_SPEC00487,dry,lcy,lcy,IC2,
120,3,OK_SPEC,488,OK_SPEC00488,dry,lcy,lcy,IC2,
120,4,OK_SPEC,489,OK_SPEC00489,dry,lcy,lcy,IC2,
120,5,OK_SPEC,490,OK_SPEC00490,dry,lcy,lcy,IC2,
120,1,OK_SPEC,491,OK_SPEC00491,wet,lcy,lcy,IC2,
120,2,OK_SPEC,492,OK_SPEC00492,wet,lcy,lcy,IC2,
120,3,OK_SPEC,493,OK_SPEC00493,wet,lcy,lcy,IC2,
120,4,OK_SPEC,494,OK_SPEC00494,wet,lcy,lcy,IC2,
120,5,OK_SPEC,495,OK_SPEC00495,wet,lcy,lcy,IC2,
121,1,OK_SPEC,496,OK_SPEC00496,dry,moss,Syntrichia caninervis,IC2,
121,2,OK_SPEC,497,OK_SPEC00497,dry,moss,Syntrichia caninervis,IC2,
121,3,OK_SPEC,498,OK_SPEC00498,dry,moss,Syntrichia caninervis,IC2,
121,4,OK_SPEC,499,OK_SPEC00499,dry,moss,Syntrichia caninervis,IC2,
121,5,OK_SPEC,500,OK_SPEC00500,dry,moss,Syntrichia caninervis,IC2,
121,1,OK_SPEC,501,OK_SPEC00501,wet,moss,Syntrichia caninervis,IC2,
121,2,OK_SPEC,502,OK_SPEC00502,wet,moss,Syntrichia caninervis,IC2,
121,3,OK_SPEC,503,OK_SPEC00503,wet,moss,Syntrichia caninervis,IC2,
121,4,OK_SPEC,504,OK_SPEC00504,wet,moss,Syntrichia caninervis,IC2,
121,5,OK_SPEC,505,OK_SPEC00505,wet,moss,Syntrichia caninervis,IC2,
122,1,OK_SPEC,506,OK_SPEC00506,dry,bare,bare,IC2,"odd looking sample, refer to photo"
122,2,OK_SPEC,507,OK_SPEC00507,dry,bare,bare,IC2,"odd looking sample, refer to photo"
122,3,OK_SPEC,508,OK_SPEC00508,dry,bare,bare,IC2,"odd looking sample, refer to photo"
122,4,OK_SPEC,509,OK_SPEC00509,dry,bare,bare,IC2,"odd looking sample, refer to photo"
122,5,OK_SPEC,510,OK_SPEC00510,dry,bare,bare,IC2,"odd looking sample, refer to photo"
122,1,OK_SPEC,511,OK_SPEC00511,wet,bare,bare,IC2,"odd looking sample, refer to photo"
122,2,OK_SPEC,512,OK_SPEC00512,wet,bare,bare,IC2,"odd looking sample, refer to photo"
122,3,OK_SPEC,513,OK_SPEC00513,wet,bare,bare,IC2,"odd looking sample, refer to photo"
122,4,OK_SPEC,514,OK_SPEC00514,wet,bare,bare,IC2,"odd looking sample, refer to photo"
122,5,OK_SPEC,515,OK_SPEC00515,wet,bare,bare,IC2,"odd looking sample, refer to photo"
123,1,OK_SPEC,516,OK_SPEC00516,dry,lcy,lcy,IC2,
123,2,OK_SPEC,517,OK_SPEC00517,dry,lcy,lcy,IC2,
123,3,OK_SPEC,518,OK_SPEC00518,dry,lcy,lcy,IC2,
123,4,OK_SPEC,519,OK_SPEC00519,dry,lcy,lcy,IC2,
123,5,OK_SPEC,520,OK_SPEC00520,dry,lcy,lcy,IC2,
123,1,OK_SPEC,521,OK_SPEC00521,wet,lcy,lcy,IC2,
123,2,OK_SPEC,522,OK_SPEC00522,wet,lcy,lcy,IC2,
123,3,OK_SPEC,523,OK_SPEC00523,wet,lcy,lcy,IC2,
123,4,OK_SPEC,524,OK_SPEC00524,wet,lcy,lcy,IC2,
123,5,OK_SPEC,525,OK_SPEC00525,wet,lcy,lcy,IC2,
124,1,OK_SPEC,526,OK_SPEC00526,dry,moss,Syntrichia caninervis,IC2,
124,2,OK_SPEC,527,OK_SPEC00527,dry,moss,Syntrichia caninervis,IC2,
124,3,OK_SPEC,528,OK_SPEC00528,dry,moss,Syntrichia caninervis,IC2,
124,4,OK_SPEC,529,OK_SPEC00529,dry,moss,Syntrichia caninervis,IC2,
124,5,OK_SPEC,530,OK_SPEC00530,dry,moss,Syntrichia caninervis,IC2,
124,1,OK_SPEC,531,OK_SPEC00531,wet,moss,Syntrichia caninervis,IC2,
124,2,OK_SPEC,532,OK_SPEC00532,wet,moss,Syntrichia caninervis,IC2,
124,3,OK_SPEC,533,OK_SPEC00533,wet,moss,Syntrichia caninervis,IC2,
124,4,OK_SPEC,534,OK_SPEC00534,wet,moss,Syntrichia caninervis,IC2,
124,5,OK_SPEC,535,OK_SPEC00535,wet,moss,Syntrichia caninervis,IC2,
125,1,OK_SPEC,536,OK_SPEC00536,dry,dcy,dcy,IC2,
125,2,OK_SPEC,537,OK_SPEC00537,dry,dcy,dcy,IC2,
125,3,OK_SPEC,538,OK_SPEC00538,dry,dcy,dcy,IC2,
125,4,OK_SPEC,539,OK_SPEC00539,dry,dcy,dcy,IC2,
125,5,OK_SPEC,540,OK_SPEC00540,dry,dcy,dcy,IC2,
125,1,OK_SPEC,541,OK_SPEC00541,wet,dcy,dcy,IC2,
125,2,OK_SPEC,542,OK_SPEC00542,wet,dcy,dcy,IC2,
125,3,OK_SPEC,543,OK_SPEC00543,wet,dcy,dcy,IC2,
125,4,OK_SPEC,544,OK_SPEC00544,wet,dcy,dcy,IC2,
125,5,OK_SPEC,545,OK_SPEC00545,wet,dcy,dcy,IC2,
126,1,OK_SPEC,546,OK_SPEC00546,dry,dcy,dcy,IC2,
126,2,OK_SPEC,547,OK_SPEC00547,dry,dcy,dcy,IC2,
126,3,OK_SPEC,548,OK_SPEC00548,dry,dcy,dcy,IC2,
126,4,OK_SPEC,549,OK_SPEC00549,dry,dcy,dcy,IC2,
126,5,OK_SPEC,550,OK_SPEC00550,dry,dcy,dcy,IC2,
126,1,OK_SPEC,552,OK_SPEC00552,wet,dcy,dcy,IC2,
126,2,OK_SPEC,553,OK_SPEC00553,wet,dcy,dcy,IC2,
126,3,OK_SPEC,554,OK_SPEC00554,wet,dcy,dcy,IC2,
126,4,OK_SPEC,555,OK_SPEC00555,wet,dcy,dcy,IC2,
126,5,OK_SPEC,556,OK_SPEC00556,wet,dcy,dcy,IC2,
105,1,OK_SPEC,557,OK_SPEC00557,dry,moss,Syntrichia caninervis,IC2,
105,2,OK_SPEC,558,OK_SPEC00558,dry,moss,Syntrichia caninervis,IC2,
105,3,OK_SPEC,559,OK_SPEC00559,dry,moss,Syntrichia caninervis,IC2,
105,4,OK_SPEC,560,OK_SPEC00560,dry,moss,Syntrichia caninervis,IC2,
105,5,OK_SPEC,561,OK_SPEC00561,dry,moss,Syntrichia caninervis,IC2,
105,1,OK_SPEC,562,OK_SPEC00562,wet,moss,Syntrichia caninervis,IC2,
105,2,OK_SPEC,563,OK_SPEC00563,wet,moss,Syntrichia caninervis,IC2,
105,3,OK_SPEC,564,OK_SPEC00564,wet,moss,Syntrichia caninervis,IC2,
105,4,OK_SPEC,565,OK_SPEC00565,wet,moss,Syntrichia caninervis,IC2,
105,5,OK_SPEC,566,OK_SPEC00566,wet,moss,Syntrichia caninervis,IC2,
127,1,OK_SPEC,567,OK_SPEC00567,dry,dcy,dcy,IC2,
127,2,OK_SPEC,568,OK_SPEC00568,dry,dcy,dcy,IC2,
127,3,OK_SPEC,569,OK_SPEC00569,dry,dcy,dcy,IC2,
127,4,OK_SPEC,570,OK_SPEC00570,dry,dcy,dcy,IC2,
127,5,OK_SPEC,571,OK_SPEC00571,dry,dcy,dcy,IC2,
127,1,OK_SPEC,572,OK_SPEC00572,wet,dcy,dcy,IC2,
127,2,OK_SPEC,573,OK_SPEC00573,wet,dcy,dcy,IC2,
127,3,OK_SPEC,574,OK_SPEC00574,wet,dcy,dcy,IC2,
127,4,OK_SPEC,575,OK_SPEC00575,wet,dcy,dcy,IC2,
127,5,OK_SPEC,576,OK_SPEC00576,wet,dcy,dcy,IC2,
128,1,OK_SPEC,577,OK_SPEC00577,dry,dcy,dcy,IC2,
128,2,OK_SPEC,578,OK_SPEC00578,dry,dcy,dcy,IC2,
128,3,OK_SPEC,579,OK_SPEC00579,dry,dcy,dcy,IC2,
128,4,OK_SPEC,580,OK_SPEC00580,dry,dcy,dcy,IC2,
128,5,OK_SPEC,581,OK_SPEC00581,dry,dcy,dcy,IC2,
128,1,OK_SPEC,582,OK_SPEC00582,wet,dcy,dcy,IC2,
128,2,OK_SPEC,583,OK_SPEC00583,wet,dcy,dcy,IC2,
128,3,OK_SPEC,584,OK_SPEC00584,wet,dcy,dcy,IC2,
128,4,OK_SPEC,585,OK_SPEC00585,wet,dcy,dcy,IC2,
128,5,OK_SPEC,586,OK_SPEC00586,wet,dcy,dcy,IC2,
129,1,OK_SPEC,587,OK_SPEC00587,dry,dcy,dcy,IC2,
129,2,OK_SPEC,588,OK_SPEC00588,dry,dcy,dcy,IC2,
129,3,OK_SPEC,589,OK_SPEC00589,dry,dcy,dcy,IC2,
129,4,OK_SPEC,590,OK_SPEC00590,dry,dcy,dcy,IC2,
129,5,OK_SPEC,591,OK_SPEC00591,dry,dcy,dcy,IC2,
129,1,OK_SPEC,592,OK_SPEC00592,wet,dcy,dcy,IC2,
129,2,OK_SPEC,593,OK_SPEC00593,wet,dcy,dcy,IC2,
129,3,OK_SPEC,594,OK_SPEC00594,wet,dcy,dcy,IC2,
129,4,OK_SPEC,595,OK_SPEC00595,wet,dcy,dcy,IC2,
129,5,OK_SPEC,596,OK_SPEC00596,wet,dcy,dcy,IC2,
130,1,OK_SPEC,597,OK_SPEC00597,dry,dcy,dcy,IC2,
130,2,OK_SPEC,598,OK_SPEC00598,dry,dcy,dcy,IC2,
130,3,OK_SPEC,599,OK_SPEC00599,dry,dcy,dcy,IC2,
130,4,OK_SPEC,600,OK_SPEC00600,dry,dcy,dcy,IC2,
130,5,OK_SPEC,601,OK_SPEC00601,dry,dcy,dcy,IC2,
130,1,OK_SPEC,602,OK_SPEC00602,wet,dcy,dcy,IC2,
130,2,OK_SPEC,603,OK_SPEC00603,wet,dcy,dcy,IC2,
130,3,OK_SPEC,604,OK_SPEC00604,wet,dcy,dcy,IC2,
130,4,OK_SPEC,605,OK_SPEC00605,wet,dcy,dcy,IC2,
130,5,OK_SPEC,606,OK_SPEC00606,wet,dcy,dcy,IC2,
131,1,OK_SPEC,607,OK_SPEC00607,dry,dcy,dcy,IC2,
131,2,OK_SPEC,608,OK_SPEC00608,dry,dcy,dcy,IC2,
131,3,OK_SPEC,609,OK_SPEC00609,dry,dcy,dcy,IC2,
131,4,OK_SPEC,610,OK_SPEC00610,dry,dcy,dcy,IC2,
131,5,OK_SPEC,611,OK_SPEC00611,dry,dcy,dcy,IC2,
131,1,OK_SPEC,612,OK_SPEC00612,wet,dcy,dcy,IC2,
131,2,OK_SPEC,613,OK_SPEC00613,wet,dcy,dcy,IC2,
131,3,OK_SPEC,614,OK_SPEC00614,wet,dcy,dcy,IC2,
131,4,OK_SPEC,615,OK_SPEC00615,wet,dcy,dcy,IC2,
131,5,OK_SPEC,616,OK_SPEC00616,wet,dcy,dcy,IC2,
132,1,OK_SPEC,617,OK_SPEC00617,dry,dcy,dcy,IC2,
132,2,OK_SPEC,618,OK_SPEC00618,dry,dcy,dcy,IC2,
132,3,OK_SPEC,619,OK_SPEC00619,dry,dcy,dcy,IC2,
132,4,OK_SPEC,620,OK_SPEC00620,dry,dcy,dcy,IC2,
132,5,OK_SPEC,621,OK_SPEC00621,dry,dcy,dcy,IC2,
132,1,OK_SPEC,622,OK_SPEC00622,wet,dcy,dcy,IC2,
132,2,OK_SPEC,623,OK_SPEC00623,wet,dcy,dcy,IC2,
132,3,OK_SPEC,624,OK_SPEC00624,wet,dcy,dcy,IC2,
132,4,OK_SPEC,625,OK_SPEC00625,wet,dcy,dcy,IC2,
132,5,OK_SPEC,626,OK_SPEC00626,wet,dcy,dcy,IC2,
715,1,OK_SPEC,627,OK_SPEC00627,dry,dcy,dcy,SF,
715,2,OK_SPEC,628,OK_SPEC00628,dry,dcy,dcy,SF,
715,3,OK_SPEC,629,OK_SPEC00629,dry,dcy,dcy,SF,
715,4,OK_SPEC,630,OK_SPEC00630,dry,dcy,dcy,SF,
715,5,OK_SPEC,631,OK_SPEC00631,dry,dcy,dcy,SF,
715,1,OK_SPEC,632,OK_SPEC00632,wet,dcy,dcy,SF,
715,2,OK_SPEC,633,OK_SPEC00633,wet,dcy,dcy,SF,
715,3,OK_SPEC,634,OK_SPEC00634,wet,dcy,dcy,SF,
715,4,OK_SPEC,635,OK_SPEC00635,wet,dcy,dcy,SF,
715,5,OK_SPEC,636,OK_SPEC00636,wet,dcy,dcy,SF,
725,1,OK_SPEC,637,OK_SPEC00637,dry,bare,bare,SF,
725,2,OK_SPEC,638,OK_SPEC00638,dry,bare,bare,SF,
725,3,OK_SPEC,639,OK_SPEC00639,dry,bare,bare,SF,
725,4,OK_SPEC,640,OK_SPEC00640,dry,bare,bare,SF,
725,5,OK_SPEC,641,OK_SPEC00641,dry,bare,bare,SF,
725,1,OK_SPEC,642,OK_SPEC00642,wet,bare,bare,SF,
725,2,OK_SPEC,643,OK_SPEC00643,wet,bare,bare,SF,
725,3,OK_SPEC,644,OK_SPEC00644,wet,bare,bare,SF,
725,4,OK_SPEC,645,OK_SPEC00645,wet,bare,bare,SF,
725,5,OK_SPEC,646,OK_SPEC00646,wet,bare,bare,SF,
301,1,OK_SPEC,647,OK_SPEC00647,dry,bare,bare,IC1,
301,2,OK_SPEC,648,OK_SPEC00648,dry,bare,bare,IC1,
301,3,OK_SPEC,649,OK_SPEC00649,dry,bare,bare,IC1,
301,4,OK_SPEC,650,OK_SPEC00650,dry,bare,bare,IC1,
301,5,OK_SPEC,651,OK_SPEC00651,dry,bare,bare,IC1,
301,1,OK_SPEC,652,OK_SPEC00652,wet,bare,bare,IC1,
301,2,OK_SPEC,653,OK_SPEC00653,wet,bare,bare,IC1,
301,3,OK_SPEC,654,OK_SPEC00654,wet,bare,bare,IC1,
301,4,OK_SPEC,655,OK_SPEC00655,wet,bare,bare,IC1,
301,5,OK_SPEC,656,OK_SPEC00656,wet,bare,bare,IC1,
302,1,OK_SPEC,657,OK_SPEC00657,dry,lcy,lcy,IC1,
302,2,OK_SPEC,658,OK_SPEC00658,dry,lcy,lcy,IC1,
302,3,OK_SPEC,659,OK_SPEC00659,dry,lcy,lcy,IC1,
302,4,OK_SPEC,660,OK_SPEC00660,dry,lcy,lcy,IC1,
302,5,OK_SPEC,661,OK_SPEC00661,dry,lcy,lcy,IC1,
302,1,OK_SPEC,662,OK_SPEC00662,wet,lcy,lcy,IC1,
302,2,OK_SPEC,663,OK_SPEC00663,wet,lcy,lcy,IC1,
302,3,OK_SPEC,664,OK_SPEC00664,wet,lcy,lcy,IC1,
302,4,OK_SPEC,665,OK_SPEC00665,wet,lcy,lcy,IC1,
302,5,OK_SPEC,666,OK_SPEC00666,wet,lcy,lcy,IC1,
303,1,OK_SPEC,667,OK_SPEC00667,dry,dcy,dcy,IC1,
303,2,OK_SPEC,668,OK_SPEC00668,dry,dcy,dcy,IC1,
303,3,OK_SPEC,669,OK_SPEC00669,dry,dcy,dcy,IC1,
303,4,OK_SPEC,670,OK_SPEC00670,dry,dcy,dcy,IC1,
303,5,OK_SPEC,671,OK_SPEC00671,dry,dcy,dcy,IC1,
303,1,OK_SPEC,672,OK_SPEC00672,wet,dcy,dcy,IC1,
303,2,OK_SPEC,673,OK_SPEC00673,wet,dcy,dcy,IC1,
303,3,OK_SPEC,674,OK_SPEC00674,wet,dcy,dcy,IC1,
303,4,OK_SPEC,675,OK_SPEC00675,wet,dcy,dcy,IC1,
303,5,OK_SPEC,676,OK_SPEC00676,wet,dcy,dcy,IC1,
304,1,OK_SPEC,677,OK_SPEC00677,dry,moss,Syntrichia caninervis,IC1,
304,2,OK_SPEC,678,OK_SPEC00678,dry,moss,Syntrichia caninervis,IC1,
304,3,OK_SPEC,679,OK_SPEC00679,dry,moss,Syntrichia caninervis,IC1,
304,4,OK_SPEC,680,OK_SPEC00680,dry,moss,Syntrichia caninervis,IC1,
304,5,OK_SPEC,681,OK_SPEC00681,dry,moss,Syntrichia caninervis,IC1,
304,1,OK_SPEC,682,OK_SPEC00682,wet,moss,Syntrichia caninervis,IC1,
304,2,OK_SPEC,683,OK_SPEC00683,wet,moss,Syntrichia caninervis,IC1,
304,3,OK_SPEC,684,OK_SPEC00684,wet,moss,Syntrichia caninervis,IC1,
304,4,OK_SPEC,685,OK_SPEC00685,wet,moss,Syntrichia caninervis,IC1,
304,5,OK_SPEC,686,OK_SPEC00686,wet,moss,Syntrichia caninervis,IC1,
305,1,OK_SPEC,687,OK_SPEC00687,dry,bare,bare,IC1,
305,2,OK_SPEC,688,OK_SPEC00688,dry,bare,bare,IC1,
305,3,OK_SPEC,689,OK_SPEC00689,dry,bare,bare,IC1,
305,4,OK_SPEC,690,OK_SPEC00690,dry,bare,bare,IC1,
305,5,OK_SPEC,691,OK_SPEC00691,dry,bare,bare,IC1,
305,1,OK_SPEC,692,OK_SPEC00692,wet,bare,bare,IC1,
305,2,OK_SPEC,693,OK_SPEC00693,wet,bare,bare,IC1,
305,3,OK_SPEC,694,OK_SPEC00694,wet,bare,bare,IC1,
305,4,OK_SPEC,695,OK_SPEC00695,wet,bare,bare,IC1,
305,5,OK_SPEC,696,OK_SPEC00696,wet,bare,bare,IC1,
306,1,OK_SPEC,697,OK_SPEC00697,dry,lcy,lcy,IC1,
306,2,OK_SPEC,698,OK_SPEC00698,dry,lcy,lcy,IC1,
306,3,OK_SPEC,699,OK_SPEC00699,dry,lcy,lcy,IC1,
306,4,OK_SPEC,700,OK_SPEC00700,dry,lcy,lcy,IC1,
306,5,OK_SPEC,701,OK_SPEC00701,dry,lcy,lcy,IC1,
306,1,OK_SPEC,702,OK_SPEC00702,wet,lcy,lcy,IC1,
306,2,OK_SPEC,703,OK_SPEC00703,wet,lcy,lcy,IC1,
306,3,OK_SPEC,704,OK_SPEC00704,wet,lcy,lcy,IC1,
306,4,OK_SPEC,705,OK_SPEC00705,wet,lcy,lcy,IC1,
306,5,OK_SPEC,706,OK_SPEC00706,wet,lcy,lcy,IC1,
307,1,OK_SPEC,707,OK_SPEC00707,dry,dcy,dcy,IC1,
307,2,OK_SPEC,708,OK_SPEC00708,dry,dcy,dcy,IC1,
307,3,OK_SPEC,709,OK_SPEC00709,dry,dcy,dcy,IC1,
307,4,OK_SPEC,710,OK_SPEC00710,dry,dcy,dcy,IC1,
307,5,OK_SPEC,711,OK_SPEC00711,dry,dcy,dcy,IC1,
307,1,OK_SPEC,712,OK_SPEC00712,wet,dcy,dcy,IC1,
307,2,OK_SPEC,713,OK_SPEC00713,wet,dcy,dcy,IC1,
307,3,OK_SPEC,714,OK_SPEC00714,wet,dcy,dcy,IC1,
307,4,OK_SPEC,715,OK_SPEC00715,wet,dcy,dcy,IC1,
307,5,OK_SPEC,716,OK_SPEC00716,wet,dcy,dcy,IC1,
308,1,OK_SPEC,717,OK_SPEC00717,dry,moss,Syntrichia caninervis,IC1,
308,2,OK_SPEC,718,OK_SPEC00718,dry,moss,Syntrichia caninervis,IC1,
308,3,OK_SPEC,719,OK_SPEC00719,dry,moss,Syntrichia caninervis,IC1,
308,4,OK_SPEC,720,OK_SPEC00720,dry,moss,Syntrichia caninervis,IC1,
308,5,OK_SPEC,721,OK_SPEC00721,dry,moss,Syntrichia caninervis,IC1,
308,1,OK_SPEC,722,OK_SPEC00722,wet,moss,Syntrichia caninervis,IC1,
308,2,OK_SPEC,723,OK_SPEC00723,wet,moss,Syntrichia caninervis,IC1,
308,3,OK_SPEC,724,OK_SPEC00724,wet,moss,Syntrichia caninervis,IC1,
308,4,OK_SPEC,725,OK_SPEC00725,wet,moss,Syntrichia caninervis,IC1,
308,5,OK_SPEC,726,OK_SPEC00726,wet,moss,Syntrichia caninervis,IC1,
309,1,OK_SPEC,727,OK_SPEC00727,dry,bare,bare,IC1,
309,2,OK_SPEC,728,OK_SPEC00728,dry,bare,bare,IC1,
309,3,OK_SPEC,729,OK_SPEC00729,dry,bare,bare,IC1,
309,4,OK_SPEC,730,OK_SPEC00730,dry,bare,bare,IC1,
309,5,OK_SPEC,731,OK_SPEC00731,dry,bare,bare,IC1,
309,1,OK_SPEC,732,OK_SPEC00732,wet,bare,bare,IC1,
309,2,OK_SPEC,733,OK_SPEC00733,wet,bare,bare,IC1,
309,3,OK_SPEC,734,OK_SPEC00734,wet,bare,bare,IC1,
309,4,OK_SPEC,735,OK_SPEC00735,wet,bare,bare,IC1,
309,5,OK_SPEC,736,OK_SPEC00736,wet,bare,bare,IC1,
310,1,OK_SPEC,737,OK_SPEC00737,dry,lcy,lcy,IC1,
310,2,OK_SPEC,738,OK_SPEC00738,dry,lcy,lcy,IC1,
310,3,OK_SPEC,739,OK_SPEC00739,dry,lcy,lcy,IC1,
310,4,OK_SPEC,740,OK_SPEC00740,dry,lcy,lcy,IC1,
310,5,OK_SPEC,741,OK_SPEC00741,dry,lcy,lcy,IC1,
310,1,OK_SPEC,742,OK_SPEC00742,wet,lcy,lcy,IC1,
310,2,OK_SPEC,743,OK_SPEC00743,wet,lcy,lcy,IC1,
310,3,OK_SPEC,744,OK_SPEC00744,wet,lcy,lcy,IC1,
310,4,OK_SPEC,745,OK_SPEC00745,wet,lcy,lcy,IC1,
310,5,OK_SPEC,746,OK_SPEC00746,wet,lcy,lcy,IC1,
311,1,OK_SPEC,747,OK_SPEC00747,dry,dcy,dcy,IC1,
311,2,OK_SPEC,748,OK_SPEC00748,dry,dcy,dcy,IC1,
311,3,OK_SPEC,749,OK_SPEC00749,dry,dcy,dcy,IC1,
311,4,OK_SPEC,750,OK_SPEC00750,dry,dcy,dcy,IC1,
311,5,OK_SPEC,751,OK_SPEC00751,dry,dcy,dcy,IC1,
311,1,OK_SPEC,752,OK_SPEC00752,wet,dcy,dcy,IC1,
311,2,OK_SPEC,753,OK_SPEC00753,wet,dcy,dcy,IC1,
311,3,OK_SPEC,754,OK_SPEC00754,wet,dcy,dcy,IC1,
311,4,OK_SPEC,755,OK_SPEC00755,wet,dcy,dcy,IC1,
311,5,OK_SPEC,756,OK_SPEC00756,wet,dcy,dcy,IC1,
312,1,OK_SPEC,757,OK_SPEC00757,dry,moss,Syntrichia caninervis,IC1,
312,2,OK_SPEC,758,OK_SPEC00758,dry,moss,Syntrichia caninervis,IC1,
312,3,OK_SPEC,759,OK_SPEC00759,dry,moss,Syntrichia caninervis,IC1,
312,4,OK_SPEC,760,OK_SPEC00760,dry,moss,Syntrichia caninervis,IC1,
312,5,OK_SPEC,761,OK_SPEC00761,dry,moss,Syntrichia caninervis,IC1,
312,1,OK_SPEC,762,OK_SPEC00762,wet,moss,Syntrichia caninervis,IC1,
312,2,OK_SPEC,763,OK_SPEC00763,wet,moss,Syntrichia caninervis,IC1,
312,3,OK_SPEC,764,OK_SPEC00764,wet,moss,Syntrichia caninervis,IC1,
312,4,OK_SPEC,765,OK_SPEC00765,wet,moss,Syntrichia caninervis,IC1,
312,5,OK_SPEC,766,OK_SPEC00766,wet,moss,Syntrichia caninervis,IC1,
313,1,OK_SPEC,767,OK_SPEC00767,dry,bare,bare,IC1,
313,2,OK_SPEC,768,OK_SPEC00768,dry,bare,bare,IC1,
313,3,OK_SPEC,769,OK_SPEC00769,dry,bare,bare,IC1,
313,4,OK_SPEC,770,OK_SPEC00770,dry,bare,bare,IC1,
313,5,OK_SPEC,771,OK_SPEC00771,dry,bare,bare,IC1,
313,1,OK_SPEC,772,OK_SPEC00772,wet,bare,bare,IC1,
313,2,OK_SPEC,773,OK_SPEC00773,wet,bare,bare,IC1,
313,3,OK_SPEC,774,OK_SPEC00774,wet,bare,bare,IC1,
313,4,OK_SPEC,775,OK_SPEC00775,wet,bare,bare,IC1,
313,5,OK_SPEC,776,OK_SPEC00776,wet,bare,bare,IC1,
314,1,OK_SPEC,777,OK_SPEC00777,dry,lcy,lcy,IC1,
314,2,OK_SPEC,778,OK_SPEC00778,dry,lcy,lcy,IC1,
314,3,OK_SPEC,779,OK_SPEC00779,dry,lcy,lcy,IC1,
314,4,OK_SPEC,780,OK_SPEC00780,dry,lcy,lcy,IC1,
314,5,OK_SPEC,781,OK_SPEC00781,dry,lcy,lcy,IC1,
314,1,OK_SPEC,782,OK_SPEC00782,wet,lcy,lcy,IC1,
314,2,OK_SPEC,783,OK_SPEC00783,wet,lcy,lcy,IC1,
314,3,OK_SPEC,784,OK_SPEC00784,wet,lcy,lcy,IC1,
314,4,OK_SPEC,785,OK_SPEC00785,wet,lcy,lcy,IC1,
314,5,OK_SPEC,786,OK_SPEC00786,wet,lcy,lcy,IC1,
315,1,OK_SPEC,787,OK_SPEC00787,dry,dcy,dcy,IC1,
315,2,OK_SPEC,788,OK_SPEC00788,dry,dcy,dcy,IC1,
315,3,OK_SPEC,789,OK_SPEC00789,dry,dcy,dcy,IC1,
315,4,OK_SPEC,790,OK_SPEC00790,dry,dcy,dcy,IC1,
315,5,OK_SPEC,791,OK_SPEC00791,dry,dcy,dcy,IC1,
315,1,OK_SPEC,792,OK_SPEC00792,wet,dcy,dcy,IC1,
315,2,OK_SPEC,793,OK_SPEC00793,wet,dcy,dcy,IC1,
315,3,OK_SPEC,794,OK_SPEC00794,wet,dcy,dcy,IC1,
315,4,OK_SPEC,795,OK_SPEC00795,wet,dcy,dcy,IC1,
315,5,OK_SPEC,796,OK_SPEC00796,wet,dcy,dcy,IC1,
316,1,OK_SPEC,797,OK_SPEC00797,dry,moss,Syntrichia caninervis,IC1,
316,2,OK_SPEC,798,OK_SPEC00798,dry,moss,Syntrichia caninervis,IC1,
316,3,OK_SPEC,799,OK_SPEC00799,dry,moss,Syntrichia caninervis,IC1,
316,4,OK_SPEC,800,OK_SPEC00800,dry,moss,Syntrichia caninervis,IC1,
316,5,OK_SPEC,801,OK_SPEC00801,dry,moss,Syntrichia caninervis,IC1,
316,1,OK_SPEC,802,OK_SPEC00802,wet,moss,Syntrichia caninervis,IC1,
316,2,OK_SPEC,803,OK_SPEC00803,wet,moss,Syntrichia caninervis,IC1,
316,3,OK_SPEC,804,OK_SPEC00804,wet,moss,Syntrichia caninervis,IC1,
316,4,OK_SPEC,805,OK_SPEC00805,wet,moss,Syntrichia caninervis,IC1,
316,5,OK_SPEC,806,OK_SPEC00806,wet,moss,Syntrichia caninervis,IC1,
317,1,OK_SPEC,807,OK_SPEC00807,dry,bare,bare,IC1,
317,2,OK_SPEC,808,OK_SPEC00808,dry,bare,bare,IC1,
317,3,OK_SPEC,809,OK_SPEC00809,dry,bare,bare,IC1,
317,4,OK_SPEC,810,OK_SPEC00810,dry,bare,bare,IC1,
317,5,OK_SPEC,811,OK_SPEC00811,dry,bare,bare,IC1,
317,1,OK_SPEC,812,OK_SPEC00812,wet,bare,bare,IC1,
317,2,OK_SPEC,813,OK_SPEC00813,wet,bare,bare,IC1,
317,3,OK_SPEC,814,OK_SPEC00814,wet,bare,bare,IC1,
317,4,OK_SPEC,815,OK_SPEC00815,wet,bare,bare,IC1,
317,5,OK_SPEC,816,OK_SPEC00816,wet,bare,bare,IC1,
318,1,OK_SPEC,817,OK_SPEC00817,dry,lcy,lcy,IC1,
318,2,OK_SPEC,818,OK_SPEC00818,dry,lcy,lcy,IC1,
318,3,OK_SPEC,819,OK_SPEC00819,dry,lcy,lcy,IC1,
318,4,OK_SPEC,820,OK_SPEC00820,dry,lcy,lcy,IC1,
318,5,OK_SPEC,821,OK_SPEC00821,dry,lcy,lcy,IC1,
318,1,OK_SPEC,822,OK_SPEC00822,wet,lcy,lcy,IC1,
318,2,OK_SPEC,823,OK_SPEC00823,wet,lcy,lcy,IC1,
318,3,OK_SPEC,824,OK_SPEC00824,wet,lcy,lcy,IC1,
318,4,OK_SPEC,825,OK_SPEC00825,wet,lcy,lcy,IC1,
318,5,OK_SPEC,826,OK_SPEC00826,wet,lcy,lcy,IC1,
319,1,OK_SPEC,827,OK_SPEC00827,dry,dcy,dcy,IC1,
319,2,OK_SPEC,828,OK_SPEC00828,dry,dcy,dcy,IC1,
319,3,OK_SPEC,829,OK_SPEC00829,dry,dcy,dcy,IC1,
319,4,OK_SPEC,830,OK_SPEC00830,dry,dcy,dcy,IC1,
319,5,OK_SPEC,831,OK_SPEC00831,dry,dcy,dcy,IC1,
319,1,OK_SPEC,832,OK_SPEC00832,wet,dcy,dcy,IC1,
319,2,OK_SPEC,833,OK_SPEC00833,wet,dcy,dcy,IC1,
319,3,OK_SPEC,834,OK_SPEC00834,wet,dcy,dcy,IC1,
319,4,OK_SPEC,835,OK_SPEC00835,wet,dcy,dcy,IC1,
319,5,OK_SPEC,836,OK_SPEC00836,wet,dcy,dcy,IC1,
321,1,OK_SPEC,837,OK_SPEC00837,dry,bare,bare,IC1,
321,2,OK_SPEC,838,OK_SPEC00838,dry,bare,bare,IC1,
321,3,OK_SPEC,839,OK_SPEC00839,dry,bare,bare,IC1,
321,4,OK_SPEC,840,OK_SPEC00840,dry,bare,bare,IC1,
321,5,OK_SPEC,841,OK_SPEC00841,dry,bare,bare,IC1,
321,1,OK_SPEC,842,OK_SPEC00842,wet,bare,bare,IC1,
321,2,OK_SPEC,843,OK_SPEC00843,wet,bare,bare,IC1,
321,3,OK_SPEC,844,OK_SPEC00844,wet,bare,bare,IC1,
321,4,OK_SPEC,845,OK_SPEC00845,wet,bare,bare,IC1,
321,5,OK_SPEC,846,OK_SPEC00846,wet,bare,bare,IC1,
320,1,OK_SPEC,847,OK_SPEC00847,dry,moss,Syntrichia caninervis,IC1,
320,2,OK_SPEC,848,OK_SPEC00848,dry,moss,Syntrichia caninervis,IC1,
320,3,OK_SPEC,849,OK_SPEC00849,dry,moss,Syntrichia caninervis,IC1,
320,4,OK_SPEC,850,OK_SPEC00850,dry,moss,Syntrichia caninervis,IC1,
320,5,OK_SPEC,851,OK_SPEC00851,dry,moss,Syntrichia caninervis,IC1,
320,1,OK_SPEC,852,OK_SPEC00852,wet,moss,Syntrichia caninervis,IC1,
320,2,OK_SPEC,853,OK_SPEC00853,wet,moss,Syntrichia caninervis,IC1,
320,3,OK_SPEC,854,OK_SPEC00854,wet,moss,Syntrichia caninervis,IC1,
320,4,OK_SPEC,855,OK_SPEC00855,wet,moss,Syntrichia caninervis,IC1,
320,5,OK_SPEC,856,OK_SPEC00856,wet,moss,Syntrichia caninervis,IC1,
322,1,OK_SPEC,857,OK_SPEC00857,dry,lcy,lcy,IC1,
322,2,OK_SPEC,858,OK_SPEC00858,dry,lcy,lcy,IC1,
322,3,OK_SPEC,859,OK_SPEC00859,dry,lcy,lcy,IC1,
322,4,OK_SPEC,860,OK_SPEC00860,dry,lcy,lcy,IC1,
322,5,OK_SPEC,861,OK_SPEC00861,dry,lcy,lcy,IC1,
322,1,OK_SPEC,862,OK_SPEC00862,wet,lcy,lcy,IC1,
322,2,OK_SPEC,863,OK_SPEC00863,wet,lcy,lcy,IC1,
322,3,OK_SPEC,864,OK_SPEC00864,wet,lcy,lcy,IC1,
322,4,OK_SPEC,865,OK_SPEC00865,wet,lcy,lcy,IC1,
322,5,OK_SPEC,866,OK_SPEC00866,wet,lcy,lcy,IC1,
323,1,OK_SPEC,867,OK_SPEC00867,dry,dcy,dcy,IC1,
323,2,OK_SPEC,868,OK_SPEC00868,dry,dcy,dcy,IC1,
323,3,OK_SPEC,869,OK_SPEC00869,dry,dcy,dcy,IC1,
323,4,OK_SPEC,870,OK_SPEC00870,dry,dcy,dcy,IC1,
323,5,OK_SPEC,871,OK_SPEC00871,dry,dcy,dcy,IC1,
323,1,OK_SPEC,872,OK_SPEC00872,wet,dcy,dcy,IC1,
323,2,OK_SPEC,873,OK_SPEC00873,wet,dcy,dcy,IC1,
323,3,OK_SPEC,874,OK_SPEC00874,wet,dcy,dcy,IC1,
323,4,OK_SPEC,875,OK_SPEC00875,wet,dcy,dcy,IC1,
323,5,OK_SPEC,876,OK_SPEC00876,wet,dcy,dcy,IC1,
324,1,OK_SPEC,877,OK_SPEC00877,dry,bare,bare,IC1,
324,2,OK_SPEC,878,OK_SPEC00878,dry,bare,bare,IC1,
324,3,OK_SPEC,879,OK_SPEC00879,dry,bare,bare,IC1,
324,4,OK_SPEC,880,OK_SPEC00880,dry,bare,bare,IC1,
324,5,OK_SPEC,881,OK_SPEC00881,dry,bare,bare,IC1,
324,1,OK_SPEC,883,OK_SPEC00883,wet,bare,bare,IC1,
324,2,OK_SPEC,884,OK_SPEC00884,wet,bare,bare,IC1,
324,3,OK_SPEC,885,OK_SPEC00885,wet,bare,bare,IC1,
324,4,OK_SPEC,886,OK_SPEC00886,wet,bare,bare,IC1,
324,5,OK_SPEC,887,OK_SPEC00887,wet,bare,bare,IC1,
325,1,OK_SPEC,888,OK_SPEC00888,dry,bare,bare,IC1,
325,2,OK_SPEC,889,OK_SPEC00889,dry,bare,bare,IC1,
325,3,OK_SPEC,890,OK_SPEC00890,dry,bare,bare,IC1,
325,4,OK_SPEC,891,OK_SPEC00891,dry,bare,bare,IC1,
325,5,OK_SPEC,892,OK_SPEC00892,dry,bare,bare,IC1,
325,1,OK_SPEC,893,OK_SPEC00893,wet,bare,bare,IC1,
325,2,OK_SPEC,894,OK_SPEC00894,wet,bare,bare,IC1,
325,3,OK_SPEC,895,OK_SPEC00895,wet,bare,bare,IC1,
325,4,OK_SPEC,896,OK_SPEC00896,wet,bare,bare,IC1,
325,5,OK_SPEC,897,OK_SPEC00897,wet,bare,bare,IC1,
326,1,OK_SPEC,898,OK_SPEC00898,dry,lcy,lcy,IC1,
326,2,OK_SPEC,899,OK_SPEC00899,dry,lcy,lcy,IC1,
326,3,OK_SPEC,900,OK_SPEC00900,dry,lcy,lcy,IC1,
326,4,OK_SPEC,901,OK_SPEC00901,dry,lcy,lcy,IC1,
326,5,OK_SPEC,902,OK_SPEC00902,dry,lcy,lcy,IC1,
326,1,OK_SPEC,903,OK_SPEC00903,wet,lcy,lcy,IC1,
326,2,OK_SPEC,904,OK_SPEC00904,wet,lcy,lcy,IC1,
326,3,OK_SPEC,905,OK_SPEC00905,wet,lcy,lcy,IC1,
326,4,OK_SPEC,906,OK_SPEC00906,wet,lcy,lcy,IC1,
326,5,OK_SPEC,907,OK_SPEC00907,wet,lcy,lcy,IC1,
327,1,OK_SPEC,908,OK_SPEC00908,dry,dcy,dcy,IC1,
327,2,OK_SPEC,909,OK_SPEC00909,dry,dcy,dcy,IC1,
327,3,OK_SPEC,910,OK_SPEC00910,dry,dcy,dcy,IC1,
327,4,OK_SPEC,911,OK_SPEC00911,dry,dcy,dcy,IC1,
327,5,OK_SPEC,912,OK_SPEC00912,dry,dcy,dcy,IC1,
327,1,OK_SPEC,913,OK_SPEC00913,wet,dcy,dcy,IC1,
327,2,OK_SPEC,914,OK_SPEC00914,wet,dcy,dcy,IC1,
327,3,OK_SPEC,915,OK_SPEC00915,wet,dcy,dcy,IC1,
327,4,OK_SPEC,916,OK_SPEC00916,wet,dcy,dcy,IC1,
327,5,OK_SPEC,917,OK_SPEC00917,wet,dcy,dcy,IC1,
328,1,OK_SPEC,918,OK_SPEC00918,dry,moss,Syntrichia caninervis,IC1,
328,2,OK_SPEC,919,OK_SPEC00919,dry,moss,Syntrichia caninervis,IC1,
328,3,OK_SPEC,920,OK_SPEC00920,dry,moss,Syntrichia caninervis,IC1,
328,4,OK_SPEC,921,OK_SPEC00921,dry,moss,Syntrichia caninervis,IC1,
328,5,OK_SPEC,922,OK_SPEC00922,dry,moss,Syntrichia caninervis,IC1,
328,1,OK_SPEC,923,OK_SPEC00923,wet,moss,Syntrichia caninervis,IC1,
328,2,OK_SPEC,924,OK_SPEC00924,wet,moss,Syntrichia caninervis,IC1,
328,3,OK_SPEC,925,OK_SPEC00925,wet,moss,Syntrichia caninervis,IC1,
328,4,OK_SPEC,926,OK_SPEC00926,wet,moss,Syntrichia caninervis,IC1,
328,5,OK_SPEC,927,OK_SPEC00927,wet,moss,Syntrichia caninervis,IC1,
329,1,OK_SPEC,928,OK_SPEC00928,dry,bare,bare,IC1,
329,2,OK_SPEC,929,OK_SPEC00929,dry,bare,bare,IC1,
329,3,OK_SPEC,930,OK_SPEC00930,dry,bare,bare,IC1,
329,4,OK_SPEC,931,OK_SPEC00931,dry,bare,bare,IC1,
329,5,OK_SPEC,932,OK_SPEC00932,dry,bare,bare,IC1,
329,1,OK_SPEC,933,OK_SPEC00933,wet,bare,bare,IC1,
329,2,OK_SPEC,934,OK_SPEC00934,wet,bare,bare,IC1,
329,3,OK_SPEC,935,OK_SPEC00935,wet,bare,bare,IC1,
329,4,OK_SPEC,936,OK_SPEC00936,wet,bare,bare,IC1,
329,5,OK_SPEC,937,OK_SPEC00937,wet,bare,bare,IC1,
330,1,OK_SPEC,938,OK_SPEC00938,dry,dcy,dcy,IC1,
330,2,OK_SPEC,939,OK_SPEC00939,dry,dcy,dcy,IC1,
330,3,OK_SPEC,940,OK_SPEC00940,dry,dcy,dcy,IC1,
330,4,OK_SPEC,941,OK_SPEC00941,dry,dcy,dcy,IC1,
330,5,OK_SPEC,942,OK_SPEC00942,dry,dcy,dcy,IC1,
330,1,OK_SPEC,943,OK_SPEC00943,wet,dcy,dcy,IC1,
330,2,OK_SPEC,944,OK_SPEC00944,wet,dcy,dcy,IC1,
330,3,OK_SPEC,945,OK_SPEC00945,wet,dcy,dcy,IC1,
330,4,OK_SPEC,946,OK_SPEC00946,wet,dcy,dcy,IC1,
330,5,OK_SPEC,947,OK_SPEC00947,wet,dcy,dcy,IC1,
331,1,OK_SPEC,948,OK_SPEC00948,dry,dcy,dcy,IC1,
331,2,OK_SPEC,949,OK_SPEC00949,dry,dcy,dcy,IC1,
331,3,OK_SPEC,950,OK_SPEC00950,dry,dcy,dcy,IC1,
331,4,OK_SPEC,951,OK_SPEC00951,dry,dcy,dcy,IC1,
331,5,OK_SPEC,952,OK_SPEC00952,dry,dcy,dcy,IC1,
331,1,OK_SPEC,953,OK_SPEC00953,wet,dcy,dcy,IC1,
331,2,OK_SPEC,954,OK_SPEC00954,wet,dcy,dcy,IC1,
331,3,OK_SPEC,955,OK_SPEC00955,wet,dcy,dcy,IC1,
331,4,OK_SPEC,956,OK_SPEC00956,wet,dcy,dcy,IC1,
331,5,OK_SPEC,957,OK_SPEC00957,wet,dcy,dcy,IC1,
332,1,OK_SPEC,958,OK_SPEC00958,dry,moss,Syntrichia caninervis,IC1,
332,2,OK_SPEC,959,OK_SPEC00959,dry,moss,Syntrichia caninervis,IC1,
332,3,OK_SPEC,960,OK_SPEC00960,dry,moss,Syntrichia caninervis,IC1,
332,4,OK_SPEC,961,OK_SPEC00961,dry,moss,Syntrichia caninervis,IC1,
332,5,OK_SPEC,962,OK_SPEC00962,dry,moss,Syntrichia caninervis,IC1,
332,1,OK_SPEC,963,OK_SPEC00963,wet,moss,Syntrichia caninervis,IC1,
332,2,OK_SPEC,964,OK_SPEC00964,wet,moss,Syntrichia caninervis,IC1,
332,3,OK_SPEC,965,OK_SPEC00965,wet,moss,Syntrichia caninervis,IC1,
332,4,OK_SPEC,966,OK_SPEC00966,wet,moss,Syntrichia caninervis,IC1,
332,5,OK_SPEC,967,OK_SPEC00967,wet,moss,Syntrichia caninervis,IC1,
501,1,OK_SPEC,968,OK_SPEC00968,dry,bare,bare,IC3,
501,2,OK_SPEC,969,OK_SPEC00969,dry,bare,bare,IC3,
501,3,OK_SPEC,970,OK_SPEC00970,dry,bare,bare,IC3,
501,4,OK_SPEC,971,OK_SPEC00971,dry,bare,bare,IC3,
501,5,OK_SPEC,972,OK_SPEC00972,dry,bare,bare,IC3,
501,1,OK_SPEC,973,OK_SPEC00973,wet,bare,bare,IC3,
501,2,OK_SPEC,974,OK_SPEC00974,wet,bare,bare,IC3,
501,3,OK_SPEC,975,OK_SPEC00975,wet,bare,bare,IC3,
501,4,OK_SPEC,976,OK_SPEC00976,wet,bare,bare,IC3,
501,5,OK_SPEC,977,OK_SPEC00977,wet,bare,bare,IC3,
502,1,OK_SPEC,978,OK_SPEC00978,dry,lcy,lcy,IC3,
502,2,OK_SPEC,979,OK_SPEC00979,dry,lcy,lcy,IC3,
502,3,OK_SPEC,980,OK_SPEC00980,dry,lcy,lcy,IC3,
502,4,OK_SPEC,981,OK_SPEC00981,dry,lcy,lcy,IC3,
502,5,OK_SPEC,982,OK_SPEC00982,dry,lcy,lcy,IC3,
502,1,OK_SPEC,983,OK_SPEC00983,wet,lcy,lcy,IC3,
502,2,OK_SPEC,984,OK_SPEC00984,wet,lcy,lcy,IC3,
502,3,OK_SPEC,985,OK_SPEC00985,wet,lcy,lcy,IC3,
502,4,OK_SPEC,986,OK_SPEC00986,wet,lcy,lcy,IC3,
502,5,OK_SPEC,987,OK_SPEC00987,wet,lcy,lcy,IC3,
503,1,OK_SPEC,988,OK_SPEC00988,dry,bare,bare,IC3,
503,2,OK_SPEC,989,OK_SPEC00989,dry,bare,bare,IC3,
503,3,OK_SPEC,990,OK_SPEC00990,dry,bare,bare,IC3,
503,4,OK_SPEC,991,OK_SPEC00991,dry,bare,bare,IC3,
503,5,OK_SPEC,992,OK_SPEC00992,dry,bare,bare,IC3,
503,1,OK_SPEC,993,OK_SPEC00993,wet,bare,bare,IC3,
503,2,OK_SPEC,994,OK_SPEC00994,wet,bare,bare,IC3,
503,3,OK_SPEC,995,OK_SPEC00995,wet,bare,bare,IC3,
503,4,OK_SPEC,996,OK_SPEC00996,wet,bare,bare,IC3,
503,5,OK_SPEC,997,OK_SPEC00997,wet,bare,bare,IC3,
504,1,OK_SPEC,998,OK_SPEC00998,dry,lcy,lcy,IC3,
504,2,OK_SPEC,999,OK_SPEC00999,dry,lcy,lcy,IC3,
504,3,OK_SPEC,1000,OK_SPEC01000,dry,lcy,lcy,IC3,
504,4,OK_SPEC,1001,OK_SPEC01001,dry,lcy,lcy,IC3,
504,5,OK_SPEC,1002,OK_SPEC01002,dry,lcy,lcy,IC3,
504,1,OK_SPEC,1003,OK_SPEC01003,wet,lcy,lcy,IC3,
504,2,OK_SPEC,1004,OK_SPEC01004,wet,lcy,lcy,IC3,
504,3,OK_SPEC,1005,OK_SPEC01005,wet,lcy,lcy,IC3,
504,4,OK_SPEC,1006,OK_SPEC01006,wet,lcy,lcy,IC3,
504,5,OK_SPEC,1007,OK_SPEC01007,wet,lcy,lcy,IC3,
505,1,OK_SPEC,1008,OK_SPEC01008,dry,bare,bare,IC3,
505,2,OK_SPEC,1009,OK_SPEC01009,dry,bare,bare,IC3,
505,3,OK_SPEC,1010,OK_SPEC01010,dry,bare,bare,IC3,
505,4,OK_SPEC,1011,OK_SPEC01011,dry,bare,bare,IC3,
505,5,OK_SPEC,1012,OK_SPEC01012,dry,bare,bare,IC3,
505,1,OK_SPEC,1013,OK_SPEC01013,wet,bare,bare,IC3,
505,2,OK_SPEC,1014,OK_SPEC01014,wet,bare,bare,IC3,
505,3,OK_SPEC,1015,OK_SPEC01015,wet,bare,bare,IC3,
505,4,OK_SPEC,1016,OK_SPEC01016,wet,bare,bare,IC3,
505,5,OK_SPEC,1017,OK_SPEC01017,wet,bare,bare,IC3,
506,1,OK_SPEC,1018,OK_SPEC01018,dry,lcy,lcy,IC3,
506,2,OK_SPEC,1019,OK_SPEC01019,dry,lcy,lcy,IC3,
506,3,OK_SPEC,1020,OK_SPEC01020,dry,lcy,lcy,IC3,
506,4,OK_SPEC,1021,OK_SPEC01021,dry,lcy,lcy,IC3,
506,5,OK_SPEC,1022,OK_SPEC01022,dry,lcy,lcy,IC3,
506,1,OK_SPEC,1024,OK_SPEC01024,wet,lcy,lcy,IC3,
506,2,OK_SPEC,1025,OK_SPEC01025,wet,lcy,lcy,IC3,
506,3,OK_SPEC,1026,OK_SPEC01026,wet,lcy,lcy,IC3,
506,4,OK_SPEC,1027,OK_SPEC01027,wet,lcy,lcy,IC3,
506,5,OK_SPEC,1028,OK_SPEC01028,wet,lcy,lcy,IC3,
507,1,OK_SPEC,1029,OK_SPEC01029,dry,bare,bare,IC3,
507,2,OK_SPEC,1030,OK_SPEC01030,dry,bare,bare,IC3,
507,3,OK_SPEC,1031,OK_SPEC01031,dry,bare,bare,IC3,
507,4,OK_SPEC,1032,OK_SPEC01032,dry,bare,bare,IC3,
507,5,OK_SPEC,1033,OK_SPEC01033,dry,bare,bare,IC3,
507,1,OK_SPEC,1034,OK_SPEC01034,wet,bare,bare,IC3,
507,2,OK_SPEC,1035,OK_SPEC01035,wet,bare,bare,IC3,
507,3,OK_SPEC,1036,OK_SPEC01036,wet,bare,bare,IC3,
507,4,OK_SPEC,1037,OK_SPEC01037,wet,bare,bare,IC3,
507,5,OK_SPEC,1038,OK_SPEC01038,wet,bare,bare,IC3,
508,1,OK_SPEC,1039,OK_SPEC01039,dry,lcy,lcy,IC3,
508,2,OK_SPEC,1040,OK_SPEC01040,dry,lcy,lcy,IC3,
508,3,OK_SPEC,1041,OK_SPEC01041,dry,lcy,lcy,IC3,
508,4,OK_SPEC,1042,OK_SPEC01042,dry,lcy,lcy,IC3,
508,5,OK_SPEC,1043,OK_SPEC01043,dry,lcy,lcy,IC3,
508,1,OK_SPEC,1044,OK_SPEC01044,wet,lcy,lcy,IC3,
508,2,OK_SPEC,1045,OK_SPEC01045,wet,lcy,lcy,IC3,
508,3,OK_SPEC,1046,OK_SPEC01046,wet,lcy,lcy,IC3,
508,4,OK_SPEC,1047,OK_SPEC01047,wet,lcy,lcy,IC3,
508,5,OK_SPEC,1048,OK_SPEC01048,wet,lcy,lcy,IC3,
509,1,OK_SPEC,1049,OK_SPEC01049,dry,bare,bare,IC3,
509,2,OK_SPEC,1050,OK_SPEC01050,dry,bare,bare,IC3,
509,3,OK_SPEC,1051,OK_SPEC01051,dry,bare,bare,IC3,
509,4,OK_SPEC,1052,OK_SPEC01052,dry,bare,bare,IC3,
509,5,OK_SPEC,1053,OK_SPEC01053,dry,bare,bare,IC3,
509,1,OK_SPEC,1054,OK_SPEC01054,wet,bare,bare,IC3,
509,2,OK_SPEC,1055,OK_SPEC01055,wet,bare,bare,IC3,
509,3,OK_SPEC,1056,OK_SPEC01056,wet,bare,bare,IC3,
509,4,OK_SPEC,1057,OK_SPEC01057,wet,bare,bare,IC3,
509,5,OK_SPEC,1058,OK_SPEC01058,wet,bare,bare,IC3,
510,1,OK_SPEC,1059,OK_SPEC01059,dry,lcy,lcy,IC3,
510,2,OK_SPEC,1060,OK_SPEC01060,dry,lcy,lcy,IC3,
510,3,OK_SPEC,1061,OK_SPEC01061,dry,lcy,lcy,IC3,
510,4,OK_SPEC,1062,OK_SPEC01062,dry,lcy,lcy,IC3,
510,5,OK_SPEC,1063,OK_SPEC01063,dry,lcy,lcy,IC3,
510,1,OK_SPEC,1064,OK_SPEC01064,wet,lcy,lcy,IC3,
510,2,OK_SPEC,1065,OK_SPEC01065,wet,lcy,lcy,IC3,
510,3,OK_SPEC,1066,OK_SPEC01066,wet,lcy,lcy,IC3,
510,4,OK_SPEC,1067,OK_SPEC01067,wet,lcy,lcy,IC3,
510,5,OK_SPEC,1068,OK_SPEC01068,wet,lcy,lcy,IC3,
511,1,OK_SPEC,1069,OK_SPEC01069,dry,bare,bare,IC3,
511,2,OK_SPEC,1070,OK_SPEC01070,dry,bare,bare,IC3,
511,3,OK_SPEC,1071,OK_SPEC01071,dry,bare,bare,IC3,
511,4,OK_SPEC,1072,OK_SPEC01072,dry,bare,bare,IC3,
511,5,OK_SPEC,1073,OK_SPEC01073,dry,bare,bare,IC3,
511,1,OK_SPEC,1074,OK_SPEC01074,wet,bare,bare,IC3,
511,2,OK_SPEC,1075,OK_SPEC01075,wet,bare,bare,IC3,
511,3,OK_SPEC,1076,OK_SPEC01076,wet,bare,bare,IC3,
511,4,OK_SPEC,1077,OK_SPEC01077,wet,bare,bare,IC3,
511,5,OK_SPEC,1078,OK_SPEC01078,wet,bare,bare,IC3,
512,1,OK_SPEC,1079,OK_SPEC01079,dry,lcy,lcy,IC3,
512,2,OK_SPEC,1080,OK_SPEC01080,dry,lcy,lcy,IC3,
512,3,OK_SPEC,1081,OK_SPEC01081,dry,lcy,lcy,IC3,
512,4,OK_SPEC,1082,OK_SPEC01082,dry,lcy,lcy,IC3,
512,5,OK_SPEC,1083,OK_SPEC01083,dry,lcy,lcy,IC3,
512,1,OK_SPEC,1084,OK_SPEC01084,wet,lcy,lcy,IC3,
512,2,OK_SPEC,1085,OK_SPEC01085,wet,lcy,lcy,IC3,
512,3,OK_SPEC,1086,OK_SPEC01086,wet,lcy,lcy,IC3,
512,4,OK_SPEC,1087,OK_SPEC01087,wet,lcy,lcy,IC3,
512,5,OK_SPEC,1088,OK_SPEC01088,wet,lcy,lcy,IC3,
513,1,OK_SPEC,1089,OK_SPEC01089,dry,bare,bare,IC3,
513,2,OK_SPEC,1090,OK_SPEC01090,dry,bare,bare,IC3,
513,3,OK_SPEC,1091,OK_SPEC01091,dry,bare,bare,IC3,
513,4,OK_SPEC,1092,OK_SPEC01092,dry,bare,bare,IC3,
513,5,OK_SPEC,1093,OK_SPEC01093,dry,bare,bare,IC3,
513,1,OK_SPEC,1094,OK_SPEC01094,wet,bare,bare,IC3,
513,2,OK_SPEC,1095,OK_SPEC01095,wet,bare,bare,IC3,
513,3,OK_SPEC,1096,OK_SPEC01096,wet,bare,bare,IC3,
513,4,OK_SPEC,1097,OK_SPEC01097,wet,bare,bare,IC3,
513,5,OK_SPEC,1098,OK_SPEC01098,wet,bare,bare,IC3,
514,1,OK_SPEC,1099,OK_SPEC01099,dry,lcy,lcy,IC3,
514,2,OK_SPEC,1100,OK_SPEC01100,dry,lcy,lcy,IC3,
514,3,OK_SPEC,1101,OK_SPEC01101,dry,lcy,lcy,IC3,
514,4,OK_SPEC,1102,OK_SPEC01102,dry,lcy,lcy,IC3,
514,5,OK_SPEC,1103,OK_SPEC01103,dry,lcy,lcy,IC3,
514,1,OK_SPEC,1104,OK_SPEC01104,wet,lcy,lcy,IC3,
514,2,OK_SPEC,1105,OK_SPEC01105,wet,lcy,lcy,IC3,
514,3,OK_SPEC,1106,OK_SPEC01106,wet,lcy,lcy,IC3,
514,4,OK_SPEC,1107,OK_SPEC01107,wet,lcy,lcy,IC3,
514,5,OK_SPEC,1108,OK_SPEC01108,wet,lcy,lcy,IC3,
515,1,OK_SPEC,1109,OK_SPEC01109,dry,bare,bare,IC3,
515,2,OK_SPEC,1110,OK_SPEC01110,dry,bare,bare,IC3,
515,3,OK_SPEC,1111,OK_SPEC01111,dry,bare,bare,IC3,
515,4,OK_SPEC,1112,OK_SPEC01112,dry,bare,bare,IC3,
515,5,OK_SPEC,1113,OK_SPEC01113,dry,bare,bare,IC3,
515,1,OK_SPEC,1114,OK_SPEC01114,wet,bare,bare,IC3,
515,2,OK_SPEC,1115,OK_SPEC01115,wet,bare,bare,IC3,
515,3,OK_SPEC,1116,OK_SPEC01116,wet,bare,bare,IC3,
515,4,OK_SPEC,1117,OK_SPEC01117,wet,bare,bare,IC3,one less wet reading 
516,1,OK_SPEC,1118,OK_SPEC01118,dry,lcy,lcy,IC3,
516,2,OK_SPEC,1119,OK_SPEC01119,dry,lcy,lcy,IC3,
516,3,OK_SPEC,1120,OK_SPEC01120,dry,lcy,lcy,IC3,
516,4,OK_SPEC,1121,OK_SPEC01121,dry,lcy,lcy,IC3,
516,5,OK_SPEC,1122,OK_SPEC01122,dry,lcy,lcy,IC3,
516,1,OK_SPEC,1123,OK_SPEC01123,wet,lcy,lcy,IC3,
516,2,OK_SPEC,1124,OK_SPEC01124,wet,lcy,lcy,IC3,
516,3,OK_SPEC,1125,OK_SPEC01125,wet,lcy,lcy,IC3,
516,4,OK_SPEC,1126,OK_SPEC01126,wet,lcy,lcy,IC3,
516,5,OK_SPEC,1127,OK_SPEC01127,wet,lcy,lcy,IC3,
517,1,OK_SPEC,1128,OK_SPEC01128,dry,dcy,dcy,IC3,
517,2,OK_SPEC,1129,OK_SPEC01129,dry,dcy,dcy,IC3,
517,3,OK_SPEC,1130,OK_SPEC01130,dry,dcy,dcy,IC3,
517,4,OK_SPEC,1131,OK_SPEC01131,dry,dcy,dcy,IC3,
517,5,OK_SPEC,1132,OK_SPEC01132,dry,dcy,dcy,IC3,
517,1,OK_SPEC,1133,OK_SPEC01133,wet,dcy,dcy,IC3,
517,2,OK_SPEC,1134,OK_SPEC01134,wet,dcy,dcy,IC3,
517,3,OK_SPEC,1135,OK_SPEC01135,wet,dcy,dcy,IC3,
517,4,OK_SPEC,1136,OK_SPEC01136,wet,dcy,dcy,IC3,
517,5,OK_SPEC,1137,OK_SPEC01137,wet,dcy,dcy,IC3,
518,1,OK_SPEC,1138,OK_SPEC01138,dry,dcy,dcy,IC3,
518,2,OK_SPEC,1139,OK_SPEC01139,dry,dcy,dcy,IC3,
518,3,OK_SPEC,1140,OK_SPEC01140,dry,dcy,dcy,IC3,
518,4,OK_SPEC,1141,OK_SPEC01141,dry,dcy,dcy,IC3,
518,5,OK_SPEC,1142,OK_SPEC01142,dry,dcy,dcy,IC3,
518,1,OK_SPEC,1143,OK_SPEC01143,wet,dcy,dcy,IC3,
518,2,OK_SPEC,1144,OK_SPEC01144,wet,dcy,dcy,IC3,
518,3,OK_SPEC,1145,OK_SPEC01145,wet,dcy,dcy,IC3,
518,4,OK_SPEC,1146,OK_SPEC01146,wet,dcy,dcy,IC3,
518,5,OK_SPEC,1147,OK_SPEC01147,wet,dcy,dcy,IC3,
519,1,OK_SPEC,1148,OK_SPEC01148,dry,dcy,dcy,IC3,
519,2,OK_SPEC,1149,OK_SPEC01149,dry,dcy,dcy,IC3,
519,3,OK_SPEC,1150,OK_SPEC01150,dry,dcy,dcy,IC3,
519,4,OK_SPEC,1151,OK_SPEC01151,dry,dcy,dcy,IC3,
519,5,OK_SPEC,1152,OK_SPEC01152,dry,dcy,dcy,IC3,
519,1,OK_SPEC,1153,OK_SPEC01153,wet,dcy,dcy,IC3,
519,2,OK_SPEC,1154,OK_SPEC01154,wet,dcy,dcy,IC3,
519,3,OK_SPEC,1155,OK_SPEC01155,wet,dcy,dcy,IC3,
519,4,OK_SPEC,1156,OK_SPEC01156,wet,dcy,dcy,IC3,
519,5,OK_SPEC,1157,OK_SPEC01157,wet,dcy,dcy,IC3,
520,1,OK_SPEC,1158,OK_SPEC01158,dry,dcy,dcy,IC3,
520,2,OK_SPEC,1159,OK_SPEC01159,dry,dcy,dcy,IC3,
520,3,OK_SPEC,1160,OK_SPEC01160,dry,dcy,dcy,IC3,
520,4,OK_SPEC,1161,OK_SPEC01161,dry,dcy,dcy,IC3,
520,5,OK_SPEC,1162,OK_SPEC01162,dry,dcy,dcy,IC3,
520,1,OK_SPEC,1163,OK_SPEC01163,wet,dcy,dcy,IC3,
520,2,OK_SPEC,1164,OK_SPEC01164,wet,dcy,dcy,IC3,
520,3,OK_SPEC,1165,OK_SPEC01165,wet,dcy,dcy,IC3,
520,4,OK_SPEC,1166,OK_SPEC01166,wet,dcy,dcy,IC3,
520,5,OK_SPEC,1167,OK_SPEC01167,wet,dcy,dcy,IC3,
521,1,OK_SPEC,1168,OK_SPEC01168,dry,dcy,dcy,IC3,
521,2,OK_SPEC,1169,OK_SPEC01169,dry,dcy,dcy,IC3,
521,3,OK_SPEC,1170,OK_SPEC01170,dry,dcy,dcy,IC3,
521,4,OK_SPEC,1171,OK_SPEC01171,dry,dcy,dcy,IC3,
521,5,OK_SPEC,1172,OK_SPEC01172,dry,dcy,dcy,IC3,
521,1,OK_SPEC,1173,OK_SPEC01173,wet,dcy,dcy,IC3,
521,2,OK_SPEC,1174,OK_SPEC01174,wet,dcy,dcy,IC3,
521,3,OK_SPEC,1175,OK_SPEC01175,wet,dcy,dcy,IC3,
521,4,OK_SPEC,1176,OK_SPEC01176,wet,dcy,dcy,IC3,
521,5,OK_SPEC,1177,OK_SPEC01177,wet,dcy,dcy,IC3,
522,1,OK_SPEC,1178,OK_SPEC01178,dry,dcy,dcy,IC3,
522,2,OK_SPEC,1179,OK_SPEC01179,dry,dcy,dcy,IC3,
522,3,OK_SPEC,1180,OK_SPEC01180,dry,dcy,dcy,IC3,
522,4,OK_SPEC,1181,OK_SPEC01181,dry,dcy,dcy,IC3,
522,5,OK_SPEC,1182,OK_SPEC01182,dry,dcy,dcy,IC3,
522,1,OK_SPEC,1183,OK_SPEC01183,wet,dcy,dcy,IC3,
522,2,OK_SPEC,1184,OK_SPEC01184,wet,dcy,dcy,IC3,
522,3,OK_SPEC,1185,OK_SPEC01185,wet,dcy,dcy,IC3,
522,4,OK_SPEC,1186,OK_SPEC01186,wet,dcy,dcy,IC3,
522,5,OK_SPEC,1187,OK_SPEC01187,wet,dcy,dcy,IC3,
523,1,OK_SPEC,1188,OK_SPEC01188,dry,dcy,dcy,IC3,
523,2,OK_SPEC,1189,OK_SPEC01189,dry,dcy,dcy,IC3,
523,3,OK_SPEC,1190,OK_SPEC01190,dry,dcy,dcy,IC3,
523,4,OK_SPEC,1191,OK_SPEC01191,dry,dcy,dcy,IC3,
523,5,OK_SPEC,1192,OK_SPEC01192,dry,dcy,dcy,IC3,
523,1,OK_SPEC,1193,OK_SPEC01193,wet,dcy,dcy,IC3,
523,2,OK_SPEC,1194,OK_SPEC01194,wet,dcy,dcy,IC3,
523,3,OK_SPEC,1195,OK_SPEC01195,wet,dcy,dcy,IC3,
523,4,OK_SPEC,1196,OK_SPEC01196,wet,dcy,dcy,IC3,
523,5,OK_SPEC,1197,OK_SPEC01197,wet,dcy,dcy,IC3,
524,1,OK_SPEC,1198,OK_SPEC01198,dry,dcy,dcy,IC3,
524,2,OK_SPEC,1199,OK_SPEC01199,dry,dcy,dcy,IC3,
524,3,OK_SPEC,1200,OK_SPEC01200,dry,dcy,dcy,IC3,
524,4,OK_SPEC,1201,OK_SPEC01201,dry,dcy,dcy,IC3,
524,5,OK_SPEC,1202,OK_SPEC01202,dry,dcy,dcy,IC3,
524,1,OK_SPEC,1203,OK_SPEC01203,wet,dcy,dcy,IC3,
524,2,OK_SPEC,1204,OK_SPEC01204,wet,dcy,dcy,IC3,
524,3,OK_SPEC,1205,OK_SPEC01205,wet,dcy,dcy,IC3,
524,4,OK_SPEC,1206,OK_SPEC01206,wet,dcy,dcy,IC3,
524,5,OK_SPEC,1207,OK_SPEC01207,wet,dcy,dcy,IC3,
525,1,OK_SPEC,1208,OK_SPEC01208,dry,dcy,dcy,IC3,
525,2,OK_SPEC,1209,OK_SPEC01209,dry,dcy,dcy,IC3,
525,3,OK_SPEC,1210,OK_SPEC01210,dry,dcy,dcy,IC3,
525,4,OK_SPEC,1211,OK_SPEC01211,dry,dcy,dcy,IC3,
525,5,OK_SPEC,1212,OK_SPEC01212,dry,dcy,dcy,IC3,
525,1,OK_SPEC,1213,OK_SPEC01213,wet,dcy,dcy,IC3,
525,2,OK_SPEC,1214,OK_SPEC01214,wet,dcy,dcy,IC3,
525,3,OK_SPEC,1215,OK_SPEC01215,wet,dcy,dcy,IC3,
525,4,OK_SPEC,1216,OK_SPEC01216,wet,dcy,dcy,IC3,
525,5,OK_SPEC,1217,OK_SPEC01217,wet,dcy,dcy,IC3,
526,1,OK_SPEC,1218,OK_SPEC01218,dry,dcy,dcy,IC3,
526,2,OK_SPEC,1219,OK_SPEC01219,dry,dcy,dcy,IC3,
526,3,OK_SPEC,1220,OK_SPEC01220,dry,dcy,dcy,IC3,
526,4,OK_SPEC,1221,OK_SPEC01221,dry,dcy,dcy,IC3,
526,5,OK_SPEC,1222,OK_SPEC01222,dry,dcy,dcy,IC3,
526,1,OK_SPEC,1223,OK_SPEC01223,wet,dcy,dcy,IC3,
526,2,OK_SPEC,1224,OK_SPEC01224,wet,dcy,dcy,IC3,
526,3,OK_SPEC,1225,OK_SPEC01225,wet,dcy,dcy,IC3,
526,4,OK_SPEC,1226,OK_SPEC01226,wet,dcy,dcy,IC3,
526,5,OK_SPEC,1227,OK_SPEC01227,wet,dcy,dcy,IC3,