"wavelength","1"
350,0.0421885755332802
351,0.0450174378467884
352,0.0460607350320631
353,0.0461119035766894
354,0.0458620200936109
355,0.0466859331442873
356,0.0482118296743966
357,0.0471142884126177
358,0.0458177343362178
359,0.0467474483472295
360,0.0506078828539551
361,0.052543809069041
362,0.0512558468485658
363,0.0487689889579168
364,0.0489535217678812
365,0.0528160904738983
366,0.0533997339431071
367,0.050404605878278
368,0.0533775118826224
369,0.0525844569167904
370,0.0515885096999775
371,0.0539871259083733
372,0.0541066272577847
373,0.0531241734877979
374,0.0530922749252136
375,0.0555311621056288
376,0.0556551674994234
377,0.0550767398502206
378,0.0548946865373774
379,0.055052826949254
380,0.0555340649355423
381,0.0568177902285082
382,0.0584592781583063
383,0.0573714540398968
384,0.0578866392477723
385,0.059593000328891
386,0.0604866731674231
387,0.0609598014612411
388,0.0611045893177622
389,0.0611717632516601
390,0.0615720615295793
391,0.0635533434012246
392,0.0651368474261132
393,0.0652230784703264
394,0.0653959057850432
395,0.0663515509396814
396,0.0678299522632277
397,0.0691242672512124
398,0.0694611591695326
399,0.0697124063212834
400,0.0705539768619331
401,0.0722672919336286
402,0.0727863172742299
403,0.0735328037188703
404,0.0751994899204963
405,0.0760514009424038
406,0.0766511658367258
407,0.0771633296491481
408,0.0776712680292398
409,0.0783378680992328
410,0.0789172853266027
411,0.0794798160403713
412,0.0803150865040602
413,0.0806297007196664
414,0.0808415015125506
415,0.0813061904796245
416,0.0819244169807657
417,0.082085575331656
418,0.0822495454247782
419,0.0829514831244377
420,0.0831104552039554
421,0.0831844147256256
422,0.0834478019269457
423,0.0839071143358095
424,0.0841067195612356
425,0.0843148494015746
426,0.084668469697344
427,0.0846656511568232
428,0.0849657435353244
429,0.0854104017140119
430,0.085590960894041
431,0.08565036661811
432,0.0858954995764936
433,0.0863071529367901
434,0.0865250796505321
435,0.0865015140121358
436,0.0866590768522312
437,0.0871723030423213
438,0.0873061774291718
439,0.0874390834627923
440,0.0876822827519813
441,0.0879998400530838
442,0.0882475369208922
443,0.0884295889074817
444,0.0886589822076388
445,0.0891595057459533
446,0.089383369279008
447,0.0895899290337769
448,0.0900280127654983
449,0.090217646179868
450,0.0905858461192546
451,0.0910751266087731
452,0.0913771646035557
453,0.0917913295720275
454,0.0920618874142429
455,0.0921688917838202
456,0.0925522080293683
457,0.0929614827917911
458,0.0933009035798525
459,0.0935613431478342
460,0.0938938962493169
461,0.0942602479538693
462,0.0946282341389664
463,0.0949668742063007
464,0.0951436567345279
465,0.0953264966308014
466,0.0956406060569734
467,0.0960703013614192
468,0.0961991467808689
469,0.096301260929739
470,0.0967444174808765
471,0.0969463345619704
472,0.0971478857478226
473,0.097405381449429
474,0.0975569793960623
475,0.0977634917956702
476,0.0978769130572595
477,0.097860011675284
478,0.098126725473459
479,0.0983224852529264
480,0.0984512855165232
481,0.0986542586341239
482,0.098708100171247
483,0.0989142197867218
484,0.0992915410170993
485,0.0994322829453325
486,0.0994927518323081
487,0.0996210924292334
488,0.0999014407962957
489,0.100203229908964
490,0.100459033493698
491,0.100673750673745
492,0.100909060476047
493,0.10124411304741
494,0.101629013090107
495,0.102009685233326
496,0.102359501535532
497,0.102714246108126
498,0.103139617212879
499,0.103683555649038
500,0.104266252216809
501,0.104827274812886
502,0.105377020633574
503,0.105991525853335
504,0.106714870072634
505,0.107480253982978
506,0.108242780094142
507,0.109079803446002
508,0.109971105455825
509,0.110937154834467
510,0.11200415571529
511,0.113077451362632
512,0.114241114981096
513,0.115521881824693
514,0.116847346696128
515,0.118232168559145
516,0.119679504173224
517,0.121185705484138
518,0.122725360032418
519,0.124359737926647
520,0.126038530005717
521,0.127643620741466
522,0.129357368324735
523,0.131081796005023
524,0.132736897678421
525,0.134382809666037
526,0.135935657131298
527,0.137440847971965
528,0.138955980138699
529,0.140265468003001
530,0.141490462855088
531,0.142701779856825
532,0.143880934411359
533,0.144967168411064
534,0.145944278506385
535,0.146821701445115
536,0.147638939699575
537,0.148390512439382
538,0.149094737644516
539,0.149780333588493
540,0.150405681059401
541,0.150999857529398
542,0.151565750849439
543,0.152033905949113
544,0.152493069665981
545,0.152963006030918
546,0.153441907123703
547,0.153961427861255
548,0.154428690193547
549,0.154832391295126
550,0.155248329006016
551,0.155599062838395
552,0.155849585405955
553,0.15599413531547
554,0.156080566520055
555,0.156084832702903
556,0.155966625800411
557,0.155688979181067
558,0.155320555367794
559,0.154920681905784
560,0.154497036797503
561,0.153975505890426
562,0.153436431380353
563,0.152858870377277
564,0.152209165936522
565,0.151560920851197
566,0.150830568563467
567,0.15001426344189
568,0.149184963532314
569,0.148290330380506
570,0.147352008102055
571,0.146380043593463
572,0.145303822613563
573,0.144299660163937
574,0.143374133369711
575,0.142451572675524
576,0.141550833928137
577,0.140751483251591
578,0.140043803976712
579,0.139281731192645
580,0.138689360541336
581,0.138200706211438
582,0.137684497108535
583,0.137119403420716
584,0.136541096604037
585,0.135977924207072
586,0.135451297961665
587,0.135025007725741
588,0.134654052814258
589,0.134309625027027
590,0.134040284041517
591,0.133876909687578
592,0.133751115610432
593,0.133565062844849
594,0.133346242236729
595,0.13312214190271
596,0.132928312497038
597,0.13280866495309
598,0.132611205022557
599,0.132392123474979
600,0.132217174065804
601,0.132001947124294
602,0.131711178299176
603,0.131358387926946
604,0.130987683578674
605,0.130575640379566
606,0.130121656247659
607,0.129614136906708
608,0.129013613754785
609,0.128403321841783
610,0.127801729416825
611,0.127197853256836
612,0.126577852833052
613,0.125976349373686
614,0.125392476684387
615,0.124788010182864
616,0.124261336781813
617,0.123780951125386
618,0.123314179167169
619,0.122904791789141
620,0.122553625558218
621,0.122232176438586
622,0.121909061411954
623,0.121691641569318
624,0.121494681066499
625,0.121281513563739
626,0.121122693880821
627,0.121015252245916
628,0.120951386717652
629,0.120914600814175
630,0.120876112219511
631,0.120815039418227
632,0.120749065538325
633,0.120719673305915
634,0.120615857889705
635,0.120478876664205
636,0.120328494330936
637,0.120071693010543
638,0.119750700051918
639,0.119388037593422
640,0.118996318917766
641,0.118573912638668
642,0.11808664590669
643,0.117542106906436
644,0.116998552781818
645,0.116459048058051
646,0.115903131922349
647,0.11532293483317
648,0.11477078902116
649,0.114223581292904
650,0.11369801272503
651,0.113226782545227
652,0.112755750449977
653,0.11229856375028
654,0.111837543997862
655,0.111289432034324
656,0.110731621272448
657,0.11014284579839
658,0.109487183715643
659,0.108802576573444
660,0.10809172841517
661,0.107375724646932
662,0.106687816644719
663,0.105979308301233
664,0.105304954586836
665,0.104703883243596
666,0.104139308821471
667,0.1036161032537
668,0.103162609116245
669,0.102804640945708
670,0.102484999523545
671,0.102214416511864
672,0.10201209114032
673,0.101898600303798
674,0.101829564016281
675,0.101777848163927
676,0.101745524752838
677,0.101805160991047
678,0.101891957179166
679,0.102012900812874
680,0.102216312061404
681,0.10253057640147
682,0.102939151828474
683,0.103459427458701
684,0.104164312577494
685,0.105020759179808
686,0.106064965824288
687,0.107348149679608
688,0.108899062595412
689,0.110740110104207
690,0.112895272920303
691,0.115392123651171
692,0.118281584521829
693,0.121581629084906
694,0.12527993061961
695,0.129330439374486
696,0.133763189713815
697,0.138527777269432
698,0.143553597410827
699,0.14880339384243
700,0.154246546373272
701,0.159848088658511
702,0.165558729431305
703,0.17134505851714
704,0.177119712970007
705,0.182827786477461
706,0.188495439643555
707,0.194123609378994
708,0.199675993962589
709,0.205115998420127
710,0.210509199455425
711,0.215807792478852
712,0.22099460851725
713,0.22609425412772
714,0.231081090943429
715,0.235991481118366
716,0.240827128646702
717,0.245503665361599
718,0.250051596198936
719,0.254487004122952
720,0.258817343526695
721,0.263021321642851
722,0.267089840925565
723,0.271022797312754
724,0.274819552527308
725,0.278451495296732
726,0.281897978406618
727,0.285173228738154
728,0.288368423104571
729,0.29140549145595
730,0.294266062416458
731,0.296960004155983
732,0.299487894940879
733,0.301882322343186
734,0.304166305384521
735,0.306349067985954
736,0.308380853380611
737,0.310276192816185
738,0.312053481646919
739,0.313700215481392
740,0.315238304244148
741,0.316690801430219
742,0.318069042588868
743,0.319323059561562
744,0.320483604290583
745,0.3215700101738
746,0.322582947696907
747,0.32354456558328
748,0.324401068331016
749,0.325143749364992
750,0.325903217994881
751,0.326598601191745
752,0.32721875106547
753,0.327787024508927
754,0.328369144083972
755,0.328855169699418
756,0.329259266444679
757,0.329705878295174
758,0.330089057650936
759,0.330426078799441
760,0.330747337144725
761,0.33106925655361
762,0.331366447673407
763,0.33163436929506
764,0.331881585368679
765,0.332141747558061
766,0.332367729339686
767,0.332559623410105
768,0.332753996766964
769,0.332939784089923
770,0.333139924950253
771,0.333348696359463
772,0.333508868758509
773,0.333644471497938
774,0.333780400825095
775,0.333937680478679
776,0.334123678557865
777,0.334296568656315
778,0.334427717579821
779,0.334511436910205
780,0.334627054578221
781,0.334782844227302
782,0.334942913537228
783,0.335033708752187
784,0.3351765767087
785,0.335362775354936
786,0.335544767513252
787,0.335653842419058
788,0.335747499700281
789,0.335896727536059
790,0.336131605272389
791,0.336249640982209
792,0.336335761504484
793,0.336440928380645
794,0.336569382546143
795,0.33672050235564
796,0.336847428366651
797,0.336945686325337
798,0.337095922037567
799,0.337210840949543
800,0.337322520044209
801,0.337464688180375
802,0.33755176628028
803,0.337642141108974
804,0.337752690559447
805,0.337875828179722
806,0.338015852055047
807,0.338166315862454
808,0.338293431333296
809,0.338345232321256
810,0.338470751772698
811,0.338658511173623
812,0.338842391226618
813,0.338914666553156
814,0.33897998161489
815,0.33904095468418
816,0.339097070918702
817,0.339271358283382
818,0.339456300613237
819,0.339588643019091
820,0.339657580679362
821,0.339774379164322
822,0.339889955776151
823,0.339997658517665
824,0.340152232857899
825,0.340248168439783
826,0.340337718453196
827,0.34045485240378
828,0.340528926188267
829,0.340567980968703
830,0.340629233417354
831,0.340744909403909
832,0.340779514857994
833,0.340889978467264
834,0.34105035273491
835,0.341142704979893
836,0.341225050178623
837,0.341322466263573
838,0.341438850040275
839,0.341555126446732
840,0.341615359375983
841,0.341707724509904
842,0.341849197444499
843,0.341890044978159
844,0.342043003699118
845,0.342226370373125
846,0.342336101739435
847,0.342462421759856
848,0.342547569075837
849,0.342611203003993
850,0.34270293646604
851,0.342839545453092
852,0.342963521447562
853,0.343069596476382
854,0.343189436864506
855,0.343274640715603
856,0.343402747378555
857,0.343573041125772
858,0.343677963723509
859,0.343721210708712
860,0.343830670412058
861,0.344044029723133
862,0.344182504770321
863,0.344247267201223
864,0.344286098886556
865,0.344352687620671
866,0.344458535636821
867,0.344546050593849
868,0.344612025192644
869,0.34468440497734
870,0.344796783812899
871,0.344966792577712
872,0.345130647055185
873,0.345193966133926
874,0.345265319416622
875,0.345355433856866
876,0.3454705642863
877,0.345614578399767
878,0.345682622109778
879,0.345773803115208
880,0.34592231684363
881,0.34600921374465
882,0.346047485733711
883,0.346082547108039
884,0.346148799146889
885,0.34622998483801
886,0.346330140607339
887,0.346437035505995
888,0.346520959374656
889,0.346503933409971
890,0.346545330046424
891,0.346647178474925
892,0.346740624639039
893,0.346827980487281
894,0.346901509492958
895,0.346947813904239
896,0.346961209890434
897,0.346996571787528
898,0.347102672337439
899,0.34723057329788
900,0.347255984641709
901,0.347197704075198
902,0.347176849817467
903,0.347245330689767
904,0.347346053167322
905,0.34740690256082
906,0.347479623555283
907,0.34756691939442
908,0.347555034738085
909,0.34754915827698
910,0.347611316057006
911,0.347727545900057
912,0.347748168136633
913,0.347819285690002
914,0.347918373280632
915,0.347991384936835
916,0.348052876334091
917,0.348026367590442
918,0.347966767490336
919,0.347971956214261
920,0.348112640104082
921,0.348133101803023
922,0.348104112842075
923,0.34818385442606
924,0.348165266479157
925,0.348152753629938
926,0.348149973190777
927,0.348106736241705
928,0.348044176572986
929,0.347998490469635
930,0.347982646232095
931,0.347983510179426
932,0.347955021618524
933,0.347891340721365
934,0.347801340268452
935,0.347703042602244
936,0.347608243422649
937,0.347514347798362
938,0.347414459835238
939,0.347302501628989
940,0.34720401389818
941,0.347067659387576
942,0.346871170804444
943,0.346640875027446
944,0.346449921754682
945,0.346205737013487
946,0.345884572447884
947,0.34557946460318
948,0.34538660177656
949,0.345082915068496
950,0.344656314496295
951,0.344418077300217
952,0.344075918402568
953,0.343635330311312
954,0.343152587486434
955,0.342674818976937
956,0.34227358357139
957,0.341933900277995
958,0.341602950953263
959,0.341215200304012
960,0.340960853735535
961,0.340728827627232
962,0.340489250879377
963,0.340427714212461
964,0.340353712352711
965,0.340209876050239
966,0.340040331839925
967,0.339989081805561
968,0.339958668420031
969,0.339941842893966
970,0.339952280295608
971,0.340002318164234
972,0.339910909786663
973,0.339922528012682
974,0.340104018371216
975,0.340120121675685
976,0.340125348117021
977,0.340259165613507
978,0.340468422330685
979,0.340453785724132
980,0.340710351416464
981,0.34105799291006
982,0.341299047772649
983,0.341431986848328
984,0.341667534989664
985,0.341830148142277
986,0.34193821771806
987,0.342311916734329
988,0.342608702733087
989,0.342817095044528
990,0.343027037781719
991,0.343353695736912
992,0.343621717352428
993,0.343901103943132
994,0.344205901637284
995,0.344464300518634
996,0.344730127340437
997,0.345046378333384
998,0.345427621477652
999,0.345845785399547
1000,0.346180956032141
1001,0.346180956032141
1002,0.34644015555247
1003,0.346669102106515
1004,0.346920120403224
1005,0.347169622848761
1006,0.347380195470687
1007,0.347603296234178
1008,0.347827622092953
1009,0.348058946802075
1010,0.348284781555004
1011,0.348516863535907
1012,0.348726840018412
1013,0.348924628594119
1014,0.349125488963695
1015,0.349308192901627
1016,0.349506114510531
1017,0.349729638217843
1018,0.349927993532099
1019,0.350117580918516
1020,0.350293371663488
1021,0.350484069303721
1022,0.350647488261579
1023,0.350867406553291
1024,0.351128048346651
1025,0.351383419915371
1026,0.3516532152698
1027,0.351923417363295
1028,0.352198605961079
1029,0.352466069362026
1030,0.352757190052787
1031,0.353108103005162
1032,0.353463734616472
1033,0.353854420363188
1034,0.354264529048599
1035,0.354635472721191
1036,0.355033117786851
1037,0.355453193796617
1038,0.355859401769887
1039,0.356266268702002
1040,0.356673355817025
1041,0.357072785685938
1042,0.3574758251836
1043,0.35789379995957
1044,0.358316078897471
1045,0.358744420441013
1046,0.359155275670038
1047,0.359546319864713
1048,0.359937330823073
1049,0.360311008349554
1050,0.360664929527044
1051,0.361000325985798
1052,0.361325277770278
1053,0.361611300728461
1054,0.361868828664584
1055,0.362117607872089
1056,0.362333703101039
1057,0.362520971137448
1058,0.362721498611891
1059,0.362915470889099
1060,0.363078945076959
1061,0.363226135285238
1062,0.363348889209381
1063,0.36344367690196
1064,0.363518788672576
1065,0.363578513885404
1066,0.363607598940682
1067,0.363613973244798
1068,0.363593465504798
1069,0.363559945503791
1070,0.363517656556716
1071,0.363466100571492
1072,0.363405095651859
1073,0.363326266965722
1074,0.3632400052754
1075,0.363136208351533
1076,0.363004036321092
1077,0.362862021689055
1078,0.362719187376984
1079,0.36255687982835
1080,0.362387389113751
1081,0.362200691677547
1082,0.361998787482719
1083,0.361793420291384
1084,0.361594333643873
1085,0.361403136728264
1086,0.361201715512032
1087,0.360965270925342
1088,0.360714450633503
1089,0.360472818664
1090,0.36022121090381
1091,0.359969025493548
1092,0.359730386275651
1093,0.359468607882534
1094,0.359186713970146
1095,0.358906750302019
1096,0.358641490614138
1097,0.358352823721994
1098,0.358070563705957
1099,0.357800321108519
1100,0.357526424853484
1101,0.357248186690409
1102,0.356953138188744
1103,0.356669864135877
1104,0.356399392595662
1105,0.356132091474764
1106,0.35588974037477
1107,0.355649277898168
1108,0.355406370876488
1109,0.355156530254735
1110,0.354912134730072
1111,0.354680467150434
1112,0.354462221975066
1113,0.3542433277689
1114,0.354019152145208
1115,0.353790438921267
1116,0.353545571769295
1117,0.35329624096278
1118,0.353055365997342
1119,0.352789858468645
1120,0.352513087341596
1121,0.35225193411696
1122,0.351956149885992
1123,0.351631731203196
1124,0.351295931049643
1125,0.350936811873522
1126,0.350508303289998
1127,0.350054195843727
1128,0.349561526922715
1129,0.349020786567816
1130,0.348452458817321
1131,0.347817576220907
1132,0.347130637311315
1133,0.346402947917383
1134,0.345611052961173
1135,0.344773007103864
1136,0.343886215772076
1137,0.342929643356605
1138,0.341973389211548
1139,0.340974273638057
1140,0.339968766884945
1141,0.338950377373897
1142,0.337913459509301
1143,0.336860048768019
1144,0.33582221352624
1145,0.334764932628628
1146,0.333730911010872
1147,0.332736276340925
1148,0.331730806591557
1149,0.330776586476876
1150,0.329884270453719
1151,0.329044803877167
1152,0.328239506607455
1153,0.327508965302486
1154,0.32683583923247
1155,0.326228037228238
1156,0.325683372151251
1157,0.325184482580124
1158,0.32474391204928
1159,0.324366268141703
1160,0.324022706743465
1161,0.323725911268648
1162,0.323487900430177
1163,0.323278469396151
1164,0.323107950878241
1165,0.322972703789885
1166,0.322846063162612
1167,0.32274662814747
1168,0.322656719234214
1169,0.322583106360215
1170,0.322515123379443
1171,0.322469624366444
1172,0.322415550949774
1173,0.322364749962105
1174,0.322315213298255
1175,0.322261740874961
1176,0.322206096217729
1177,0.322147385590515
1178,0.322090940676395
1179,0.322020857074574
1180,0.321937272094699
1181,0.321850554980753
1182,0.321752173862822
1183,0.321649897079303
1184,0.321539107794934
1185,0.321435518762265
1186,0.321321521225194
1187,0.321219740357821
1188,0.321122784332683
1189,0.321038740035732
1190,0.320960175669204
1191,0.320889648142653
1192,0.320841947611188
1193,0.320800879208785
1194,0.320778188821411
1195,0.320781175531848
1196,0.320804053250055
1197,0.320839427021858
1198,0.320879921110954
1199,0.320929831498383
1200,0.320994711138028
1201,0.321065309243357
1202,0.321153884054001
1203,0.32126057992592
1204,0.32137775479358
1205,0.321507657815678
1206,0.321647392653895
1207,0.321796912843144
1208,0.321965656887966
1209,0.322137281910754
1210,0.32232166777446
1211,0.32251254165883
1212,0.322706839197245
1213,0.322914949327564
1214,0.323132658264247
1215,0.323354285641614
1216,0.323585242334294
1217,0.323825668251241
1218,0.324076915962641
1219,0.324324414090656
1220,0.324582975631701
1221,0.324836305202419
1222,0.325085287225669
1223,0.32533413064315
1224,0.325582278700952
1225,0.325834797145568
1226,0.326090543523625
1227,0.326339218705654
1228,0.326583001644317
1229,0.326820307451549
1230,0.327052028294819
1231,0.327270194244331
1232,0.327490432092178
1233,0.327716196553901
1234,0.327926253058137
1235,0.328131078864228
1236,0.328319722126502
1237,0.328493022979444
1238,0.328661544879717
1239,0.328820533192923
1240,0.328970479741138
1241,0.329114824152411
1242,0.329249517065488
1243,0.329373096062785
1244,0.329486867167192
1245,0.329589007469767
1246,0.329686880007042
1247,0.32978453523119
1248,0.329877919535875
1249,0.329960061434801
1250,0.33003854960055
1251,0.330113714503804
1252,0.330171429731871
1253,0.330241793105869
1254,0.330318885327984
1255,0.330392818194816
1256,0.330461500795016
1257,0.330539727291933
1258,0.330620682479106
1259,0.330707351660197
1260,0.330811257254358
1261,0.330903578095146
1262,0.330993798774506
1263,0.331076245898186
1264,0.33116788266485
1265,0.331260802057199
1266,0.331360093446379
1267,0.331478698572516
1268,0.331575102145883
1269,0.331665991428487
1270,0.331751099028146
1271,0.331830632191067
1272,0.33189799491365
1273,0.331960166516173
1274,0.332009149147654
1275,0.332051749116932
1276,0.332074588722333
1277,0.332085169935089
1278,0.332079482619903
1279,0.332057237137643
1280,0.332015668640354
1281,0.331959415371571
1282,0.331890857935588
1283,0.331784995419517
1284,0.331658254473705
1285,0.331509710528679
1286,0.331331674980485
1287,0.331142470964208
1288,0.330944250211908
1289,0.330708208629834
1290,0.330450780770173
1291,0.330163057887697
1292,0.329841361798943
1293,0.329498625443922
1294,0.329130231883911
1295,0.328740639029092
1296,0.328333338486915
1297,0.327893589011705
1298,0.327423520363688
1299,0.326934444378298
1300,0.32643095315187
1301,0.325880316980436
1302,0.325307019880032
1303,0.324709595808838
1304,0.32407945323775
1305,0.32340949608107
1306,0.322724329793859
1307,0.322013531344875
1308,0.321285540505212
1309,0.320540744879021
1310,0.319757423207984
1311,0.31894181956926
1312,0.318117202884593
1313,0.317270210867975
1314,0.316393441972878
1315,0.31549376776353
1316,0.314584049134241
1317,0.31364991173191
1318,0.312691305363553
1319,0.311715142631902
1320,0.310731631811843
1321,0.309719206450922
1322,0.308703715629353
1323,0.307668077380795
1324,0.306626256810815
1325,0.305575673274825
1326,0.304504525342752
1327,0.303425211049812
1328,0.302339744580143
1329,0.301256618934842
1330,0.30016068614841
1331,0.299063544292992
1332,0.29796381766572
1333,0.296877653028558
1334,0.295787440089869
1335,0.294700384156751
1336,0.293616930792963
1337,0.292557261179332
1338,0.291500768026242
1339,0.290458808113546
1340,0.289428438430548
1341,0.288432389697447
1342,0.287471328884046
1343,0.286494274243191
1344,0.285543884922555
1345,0.284623108416113
1346,0.283717558261602
1347,0.2828132807205
1348,0.281937693750335
1349,0.281098432485566
1350,0.280261715537022
1351,0.279435176061137
1352,0.278615225874239
1353,0.277814416352328
1354,0.277014907630735
1355,0.276230034216579
1356,0.27542683096953
1357,0.274637355945359
1358,0.273820216138173
1359,0.273003360609499
1360,0.272138490592587
1361,0.271249182124952
1362,0.270334265179129
1363,0.269412161539414
1364,0.268418552778116
1365,0.267387449987957
1366,0.266319918340124
1367,0.265186504424217
1368,0.263998765660892
1369,0.262724693745829
1370,0.261403675602549
1371,0.259992945321646
1372,0.258510448364913
1373,0.25691390026644
1374,0.255240708324419
1375,0.253464988184779
1376,0.251599915319821
1377,0.249587585613358
1378,0.247473428480592
1379,0.245236409326667
1380,0.242868692487877
1381,0.24036649182638
1382,0.23773511499343
1383,0.235017818471574
1384,0.232170197444501
1385,0.229229064749374
1386,0.226153585520667
1387,0.223077311063857
1388,0.219919441807478
1389,0.216721766163943
1390,0.213490795254275
1391,0.210223954567307
1392,0.207001608391767
1393,0.203716468361067
1394,0.200514758918695
1395,0.197341913498576
1396,0.194266823310706
1397,0.191206008888563
1398,0.188257676749056
1399,0.185386775044242
1400,0.182653628285191
1401,0.179996260675827
1402,0.177462184493846
1403,0.175059134162635
1404,0.172775472074473
1405,0.170585697193098
1406,0.168519122931246
1407,0.166587481489589
1408,0.164771873168289
1409,0.163070887286217
1410,0.161468103918072
1411,0.159990352128208
1412,0.158611081087154
1413,0.157337205102421
1414,0.156141497207712
1415,0.155044189004046
1416,0.154043199078897
1417,0.153111284619701
1418,0.152255217252137
1419,0.151465333932322
1420,0.150764804768396
1421,0.150104603767298
1422,0.149504931820611
1423,0.148949192805222
1424,0.148450694440675
1425,0.147995953565732
1426,0.147590038478944
1427,0.147222103091232
1428,0.146908235842862
1429,0.146619263655797
1430,0.146365545594657
1431,0.14614283050908
1432,0.145958875371107
1433,0.145796143600902
1434,0.145664983005355
1435,0.145554199146474
1436,0.145468368127528
1437,0.145403253534734
1438,0.145366398866787
1439,0.145341443724377
1440,0.145338521761617
1441,0.145345888497499
1442,0.145368540436642
1443,0.145400642195542
1444,0.145443937770617
1445,0.145501230356572
1446,0.145561572140281
1447,0.145629956460292
1448,0.145706761098688
1449,0.145792196926058
1450,0.145880763331564
1451,0.145976761626578
1452,0.146078373524159
1453,0.146181609851136
1454,0.146297177965287
1455,0.146421060244575
1456,0.146555202904111
1457,0.146695353338016
1458,0.146851265599341
1459,0.147012895097605
1460,0.147199702059687
1461,0.147403819651963
1462,0.147625022194267
1463,0.147858004488244
1464,0.148123617753012
1465,0.148415801754212
1466,0.148721963268709
1467,0.149052416214598
1468,0.149403914803231
1469,0.149769619974196
1470,0.150156708800007
1471,0.150568337691778
1472,0.151001439679207
1473,0.151464772051132
1474,0.151929037420915
1475,0.15240519869288
1476,0.152899058175945
1477,0.153406768160833
1478,0.15392044383519
1479,0.154449664578367
1480,0.155002651831042
1481,0.155557382620365
1482,0.156117526868115
1483,0.156686742559404
1484,0.157269246039721
1485,0.157857665920945
1486,0.158457559264171
1487,0.15904949321722
1488,0.159640895128403
1489,0.160247941541918
1490,0.160857199045096
1491,0.161470833794899
1492,0.162099558150391
1493,0.162730465282814
1494,0.163359634554725
1495,0.163994820340785
1496,0.16464199763847
1497,0.165290643625531
1498,0.165943848460018
1499,0.166592424701209
1500,0.167239997981328
1501,0.167896709525903
1502,0.168556856199923
1503,0.169213255958705
1504,0.16987463919454
1505,0.170539650667295
1506,0.171206798225173
1507,0.171865877101622
1508,0.172523565050356
1509,0.173186615224247
1510,0.173850645216874
1511,0.174504394162651
1512,0.175155635650541
1513,0.175812951802459
1514,0.176462754315763
1515,0.17710102506549
1516,0.177738619405591
1517,0.178380018135653
1518,0.179015123263028
1519,0.179642175326048
1520,0.180263188709913
1521,0.180881895677685
1522,0.181501140690476
1523,0.182115257069801
1524,0.182720318476682
1525,0.183324700829879
1526,0.183927879059527
1527,0.184521248558697
1528,0.185111015232026
1529,0.18570740330656
1530,0.186290218895366
1531,0.186856312030251
1532,0.187425352680462
1533,0.187991067727053
1534,0.188558464437274
1535,0.189127381609058
1536,0.189686181899947
1537,0.190238764716927
1538,0.190795125610001
1539,0.191348508640871
1540,0.191896113923904
1541,0.192443794443799
1542,0.192991936752506
1543,0.193533766957903
1544,0.194073411533311
1545,0.19461258222719
1546,0.195155346879144
1547,0.195698366830921
1548,0.196235462866639
1549,0.19677407319176
1550,0.197312536606323
1551,0.197848480722139
1552,0.1983760032752
1553,0.1988972202448
1554,0.19942369245998
1555,0.199951904834211
1556,0.200467857918453
1557,0.200976056180151
1558,0.201496205387355
1559,0.202000477663165
1560,0.202491464190422
1561,0.202984207209791
1562,0.203479271185955
1563,0.203966288705994
1564,0.204445953017459
1565,0.204919322104546
1566,0.205389372616116
1567,0.205857092154751
1568,0.206315741101586
1569,0.206774506097395
1570,0.207230836785656
1571,0.207692016789287
1572,0.208156324434817
1573,0.208605943383816
1574,0.209053877123704
1575,0.209501183217173
1576,0.209934879757265
1577,0.21037280289825
1578,0.210815123879968
1579,0.211257957232449
1580,0.211697120002621
1581,0.212135316081439
1582,0.212575642845982
1583,0.213021597562988
1584,0.213464155642249
1585,0.213910330789101
1586,0.214366709623081
1587,0.214819301385197
1588,0.215266455474236
1589,0.215718953921426
1590,0.216174362493108
1591,0.216635541638196
1592,0.217097166373183
1593,0.217566306456971
1594,0.218042435555201
1595,0.218523023456169
1596,0.219013642337701
1597,0.219498365968717
1598,0.2199853713954
1599,0.220473742586278
1600,0.220964060015857
1601,0.221445887083079
1602,0.221922303888747
1603,0.222404155190734
1604,0.222884772765295
1605,0.223361146609226
1606,0.223845582127529
1607,0.22432046414917
1608,0.224784605534414
1609,0.225245491654031
1610,0.225701256729444
1611,0.22615610693809
1612,0.226610337321752
1613,0.227054575918366
1614,0.227492920847005
1615,0.22793053472431
1616,0.228365641827135
1617,0.228787479473559
1618,0.229202636761058
1619,0.229613056274884
1620,0.230009366644268
1621,0.230403638909889
1622,0.230794057933517
1623,0.23118648625158
1624,0.231581508589964
1625,0.231962247836576
1626,0.232340929366161
1627,0.232707390194781
1628,0.233069210235353
1629,0.23342939357336
1630,0.233783127161827
1631,0.23414393692096
1632,0.234492743618838
1633,0.234831143110597
1634,0.235175887196992
1635,0.235508679636657
1636,0.235840917451247
1637,0.236160066987448
1638,0.236457468065118
1639,0.236757662021459
1640,0.237042797251104
1641,0.237319946018257
1642,0.237596353271168
1643,0.237852379616512
1644,0.23810086999945
1645,0.238340525288792
1646,0.238564564569938
1647,0.238789730730625
1648,0.238996323634172
1649,0.239181374855285
1650,0.239365612376167
1651,0.239540850481012
1652,0.239708082600139
1653,0.239862305905271
1654,0.23999786299644
1655,0.240123495513485
1656,0.240238167194135
1657,0.240344663896344
1658,0.240442952503681
1659,0.240530358607746
1660,0.240608486531463
1661,0.240675076182138
1662,0.240730354001093
1663,0.24077815102002
1664,0.240822310111847
1665,0.240858995856879
1666,0.240888262128298
1667,0.240907225020509
1668,0.240905656183379
1669,0.240885966333637
1670,0.240852714871042
1671,0.240806090592554
1672,0.240747519736129
1673,0.240671631843369
1674,0.240576372180041
1675,0.240461894977938
1676,0.240316393486116
1677,0.240142582691882
1678,0.239951589429327
1679,0.239735104384344
1680,0.239486286046433
1681,0.23921363744438
1682,0.238914871203309
1683,0.238595111768676
1684,0.238262245621542
1685,0.237917921162881
1686,0.237556519639439
1687,0.237167208476382
1688,0.236768016758385
1689,0.236361393940149
1690,0.235940606075427
1691,0.235514695305151
1692,0.235066911862223
1693,0.234599269955717
1694,0.234122488565675
1695,0.233629651269789
1696,0.233139569672661
1697,0.232646586784184
1698,0.232138227123287
1699,0.231625457602299
1700,0.231089554117772
1701,0.230547354205752
1702,0.23001796386916
1703,0.22947013153302
1704,0.228919848330527
1705,0.228377183766623
1706,0.227829993714751
1707,0.227303297200311
1708,0.226797971637139
1709,0.226304653736479
1710,0.225835390787713
1711,0.225382611423173
1712,0.224961797094598
1713,0.224583038654786
1714,0.224234275822332
1715,0.223922585534372
1716,0.223643020260748
1717,0.223387700950519
1718,0.223163507219445
1719,0.222960147805303
1720,0.222779738704864
1721,0.222615361366934
1722,0.222462856006458
1723,0.222310953577769
1724,0.22214544617797
1725,0.221989099822601
1726,0.221834229084592
1727,0.221668606196838
1728,0.221516593261924
1729,0.221363014301816
1730,0.221189924069183
1731,0.221011837564657
1732,0.220823804411095
1733,0.220628697054272
1734,0.220430169485112
1735,0.220215039987285
1736,0.219986706413122
1737,0.219744082452978
1738,0.219482546170581
1739,0.219216471776964
1740,0.218934316038495
1741,0.218633749885943
1742,0.218326599337951
1743,0.218006730859813
1744,0.217680298976082
1745,0.217353523536179
1746,0.217020223280623
1747,0.216685538616689
1748,0.216347538562733
1749,0.216013060383658
1750,0.21567621714127
1751,0.215338458574962
1752,0.215002200030247
1753,0.214670617729161
1754,0.214331738449346
1755,0.214011085967438
1756,0.213704527656656
1757,0.213400118936258
1758,0.21310793349438
1759,0.212811421284868
1760,0.212503638999819
1761,0.212224016007029
1762,0.211961664849336
1763,0.211700416583696
1764,0.211458361069392
1765,0.21121660656115
1766,0.210967916168998
1767,0.210735994533831
1768,0.210520918418155
1769,0.210307178664668
1770,0.21010001061752
1771,0.209900320920089
1772,0.209705755378588
1773,0.209516601005666
1774,0.209329831195739
1775,0.209159921552831
1776,0.209001569298955
1777,0.208855124136624
1778,0.208723477505048
1779,0.208593793417548
1780,0.208474333863317
1781,0.208379127989042
1782,0.20829543123618
1783,0.208225587882703
1784,0.20816461205889
1785,0.208102252512073
1786,0.208044092868317
1787,0.207989903625051
1788,0.207938207924083
1789,0.207899103031878
1790,0.207882074357235
1791,0.20788764610532
1792,0.207910467044234
1793,0.207940056583513
1794,0.207968360034359
1795,0.20799311678561
1796,0.208020890874568
1797,0.208064263884191
1798,0.208117514463513
1799,0.208175215549488
1800,0.208243447659306
1801,0.208243447659306
1802,0.208295406558304
1803,0.20834935389823
1804,0.208399337161314
1805,0.208445289562408
1806,0.208493540111662
1807,0.208546247635982
1808,0.208591233580828
1809,0.208635139004635
1810,0.208673329914222
1811,0.208710607443422
1812,0.208742532738432
1813,0.208773476792151
1814,0.208806924518611
1815,0.208832059024992
1816,0.208855968133698
1817,0.208869792185294
1818,0.20887694040334
1819,0.20887883936868
1820,0.208874534666968
1821,0.208861448598466
1822,0.20884685446191
1823,0.208837321490743
1824,0.208804260143825
1825,0.208761370384215
1826,0.208707658263868
1827,0.20863703400242
1828,0.208559830650259
1829,0.208474205176984
1830,0.208387969088767
1831,0.208273757759889
1832,0.208150892161644
1833,0.207998739475419
1834,0.207832348513052
1835,0.207631822005717
1836,0.207409923271758
1837,0.207156389072005
1838,0.206887754192833
1839,0.206570207166673
1840,0.206216259006226
1841,0.205839599728938
1842,0.205403043161846
1843,0.204930968957092
1844,0.204392970395749
1845,0.203805744504139
1846,0.203166525555049
1847,0.202491695284852
1848,0.201735544669209
1849,0.200924446920166
1850,0.200049778845538
1851,0.1991004422
1852,0.198084492459104
1853,0.196978868849847
1854,0.195797829650612
1855,0.194551364209551
1856,0.193246595663377
1857,0.191836499388633
1858,0.190344585064165
1859,0.188780585711717
1860,0.187150332125206
1861,0.18537759767188
1862,0.183536089528217
1863,0.181612984282314
1864,0.179609953654491
1865,0.177521328346419
1866,0.175322411148571
1867,0.173013062500225
1868,0.170648805715887
1869,0.168213414381828
1870,0.165637123993557
1871,0.163018525249756
1872,0.160334596313078
1873,0.157622235175204
1874,0.154829472187544
1875,0.152027220472795
1876,0.149166397065634
1877,0.146359562867776
1878,0.143511446076474
1879,0.140698440337731
1880,0.137893690172493
1881,0.135150264239432
1882,0.132470397120138
1883,0.129794489316493
1884,0.127222315736666
1885,0.124695221215078
1886,0.122292826776206
1887,0.119936119606791
1888,0.117688447468008
1889,0.115528762491315
1890,0.113515717404687
1891,0.111577573951598
1892,0.10977713909831
1893,0.108080984627082
1894,0.106518063852518
1895,0.105050548359115
1896,0.103681943975376
1897,0.102412924765683
1898,0.101277283990132
1899,0.100217905494677
1900,0.0992476085495716
1901,0.0983816737932098
1902,0.0975915390919263
1903,0.0968723822769672
1904,0.0962179271020719
1905,0.0956408587274174
1906,0.095103654223531
1907,0.0946426119277514
1908,0.0942189801699767
1909,0.0938539440512785
1910,0.0935153557173676
1911,0.0932267245837126
1912,0.0929684640912173
1913,0.0927341440970503
1914,0.0925209555925402
1915,0.0923324398001746
1916,0.0921778956960287
1917,0.0920334792777868
1918,0.0919091316506317
1919,0.0918002541015953
1920,0.091713793368902
1921,0.0916352076520091
1922,0.0915697198997813
1923,0.0915202131539183
1924,0.0914794016101796
1925,0.091448928659131
1926,0.0914317942069881
1927,0.0914244445177577
1928,0.0914300982491997
1929,0.0914516429117593
1930,0.0914763478659575
1931,0.0915095125768119
1932,0.0915534952612292
1933,0.0916057445995945
1934,0.09166578248941
1935,0.091736289171848
1936,0.0918155931539205
1937,0.0918995979387447
1938,0.0919911933758164
1939,0.0920919376909034
1940,0.0922032476898862
1941,0.0923204790108367
1942,0.0924442163580816
1943,0.0925763260460789
1944,0.09271813141616
1945,0.0928638253440901
1946,0.0930140805945271
1947,0.093174205807358
1948,0.0933395571793801
1949,0.093510948079702
1950,0.0936901276591204
1951,0.093878898695888
1952,0.0940711870469553
1953,0.0942681214810553
1954,0.0944726282200976
1955,0.0946855302242615
1956,0.0949022512596822
1957,0.0951178078146041
1958,0.0953430735792844
1959,0.0955719645686683
1960,0.0958025694164636
1961,0.0960415489448876
1962,0.0962792981313031
1963,0.0965244927939594
1964,0.0967745762433114
1965,0.0970272899450838
1966,0.0972808852317453
1967,0.0975498797078772
1968,0.0978256139493965
1969,0.0980985863630639
1970,0.0983806437670083
1971,0.0986605959681331
1972,0.098944682741296
1973,0.0992373447607359
1974,0.0995296296127785
1975,0.099834579771298
1976,0.100142828906012
1977,0.100451992008926
1978,0.100765852237416
1979,0.101088765174214
1980,0.10141139836934
1981,0.101741878471776
1982,0.102079021912054
1983,0.102411573690205
1984,0.102749529648651
1985,0.103089198436945
1986,0.103424656097428
1987,0.103764061346762
1988,0.104110502326343
1989,0.104456524861425
1990,0.104802774989401
1991,0.105147593712205
1992,0.105493517397848
1993,0.105849055068708
1994,0.106206506681463
1995,0.10656212895398
1996,0.106917399789228
1997,0.107267388125832
1998,0.107618945542056
1999,0.107966614947158
2000,0.108311295687052
2001,0.108656779193927
2002,0.109005860217031
2003,0.109351364622856
2004,0.109695910032408
2005,0.110051856642312
2006,0.1103899371736
2007,0.110728214659819
2008,0.111069858042269
2009,0.111393840385036
2010,0.111729839711909
2011,0.112061389010488
2012,0.112380720075235
2013,0.112700278831814
2014,0.113018877051825
2015,0.113333041206019
2016,0.11364345550898
2017,0.113952983207308
2018,0.114247710478353
2019,0.114546449482987
2020,0.114838148307635
2021,0.115122836805076
2022,0.115411240922722
2023,0.11568953944895
2024,0.115966573320323
2025,0.116237221371787
2026,0.116496729350861
2027,0.116757830095985
2028,0.117009769741862
2029,0.117251623735334
2030,0.117485816305552
2031,0.117717614077201
2032,0.117945729680227
2033,0.11817548191326
2034,0.118391964333141
2035,0.118605648230927
2036,0.118821252203713
2037,0.119027558323244
2038,0.119233780396079
2039,0.119433487613828
2040,0.119621235187194
2041,0.119804191564182
2042,0.119979283924719
2043,0.120145985826796
2044,0.120307215312389
2045,0.120465303842864
2046,0.120621595906805
2047,0.12077639398757
2048,0.120926864961746
2049,0.121077857364181
2050,0.121226471931691
2051,0.121371980002366
2052,0.121518968194885
2053,0.121666775121653
2054,0.121819415213171
2055,0.121972509494784
2056,0.122122887276828
2057,0.122274339117055
2058,0.122425964114732
2059,0.122573506965148
2060,0.122722712431617
2061,0.122871855213523
2062,0.123023507182857
2063,0.123180779275263
2064,0.123330357733636
2065,0.123479303027797
2066,0.123629983261276
2067,0.123776974148982
2068,0.123928157226736
2069,0.124081966664986
2070,0.124235023821192
2071,0.124391324948354
2072,0.124541549052724
2073,0.124690721966254
2074,0.124844139644695
2075,0.124993184742199
2076,0.125150410544295
2077,0.125308556770169
2078,0.125459292508616
2079,0.125620335980528
2080,0.125786812345556
2081,0.125952931339081
2082,0.126124312035153
2083,0.126296178382808
2084,0.126465712938653
2085,0.126637452055655
2086,0.126809435810409
2087,0.126986070210262
2088,0.127162248132423
2089,0.127341258481848
2090,0.12752601836673
2091,0.127710565592387
2092,0.127901037107589
2093,0.128093304079399
2094,0.128278684904276
2095,0.128465133042767
2096,0.128659168923368
2097,0.128854250548316
2098,0.129058958116935
2099,0.129273416077606
2100,0.129480611539862
2101,0.129684407734232
2102,0.12989424832718
2103,0.130105553776862
2104,0.130313803277341
2105,0.130537230597547
2106,0.130764839811602
2107,0.130994377718973
2108,0.131227687231526
2109,0.131460619503086
2110,0.131698176366458
2111,0.1319292556961
2112,0.132151880550014
2113,0.132386536618967
2114,0.132625510305747
2115,0.132861644196169
2116,0.13310577451867
2117,0.133343321561691
2118,0.133575838133019
2119,0.133803779567074
2120,0.134038726306951
2121,0.134266269069731
2122,0.13450246890038
2123,0.134743803607117
2124,0.134977745019737
2125,0.13521986321628
2126,0.135459447781147
2127,0.135688040219698
2128,0.135916161980118
2129,0.13614151530224
2130,0.136368258370972
2131,0.136600929558493
2132,0.136822760889411
2133,0.137033959818016
2134,0.137247587490113
2135,0.137457313905047
2136,0.137664635665516
2137,0.137874660609925
2138,0.138082589228136
2139,0.138292535161597
2140,0.138492311827646
2141,0.138687239819222
2142,0.138896022936582
2143,0.139099404359321
2144,0.139300326817975
2145,0.139494453255975
2146,0.139677006500573
2147,0.139867451253431
2148,0.140055067248794
2149,0.14023424080716
2150,0.140414980188387
2151,0.140577956425845
2152,0.140738694734542
2153,0.140888383336342
2154,0.141044925969928
2155,0.141191897446463
2156,0.141346281144889
2157,0.141492594243808
2158,0.141621826879226
2159,0.141758685145667
2160,0.141880914795017
2161,0.141993517598575
2162,0.14211970447286
2163,0.142240779557819
2164,0.142356536724331
2165,0.142473585227195
2166,0.14258769499834
2167,0.142691977550038
2168,0.142798934381624
2169,0.142917760400719
2170,0.143033597032262
2171,0.143155462084322
2172,0.14327902884188
2173,0.143407443740817
2174,0.143533634943182
2175,0.143662774370116
2176,0.143794234801039
2177,0.143927982867722
2178,0.144066061239433
2179,0.14420545254088
2180,0.144335059021375
2181,0.14447225535827
2182,0.144612824605696
2183,0.144745103503475
2184,0.144880549423381
2185,0.145006794387251
2186,0.145120461166392
2187,0.145234451028971
2188,0.145354226224908
2189,0.145477782211337
2190,0.145596270987593
2191,0.145709451930331
2192,0.145821275254423
2193,0.145928687827988
2194,0.146031484898288
2195,0.146130806547629
2196,0.146229913705497
2197,0.146327009680853
2198,0.146422335890291
2199,0.146519990762029
2200,0.146620913725222
2201,0.146716096541141
2202,0.146797743748181
2203,0.146878801788969
2204,0.146951436037547
2205,0.147017117037296
2206,0.147091717306025
2207,0.14716128404439
2208,0.147227833095512
2209,0.14728827843746
2210,0.147339847141737
2211,0.147392534379247
2212,0.147432548580829
2213,0.147464273689923
2214,0.147488550543679
2215,0.147507372901678
2216,0.147501830750464
2217,0.147479957758837
2218,0.147454499356626
2219,0.147411706263775
2220,0.147355519215447
2221,0.147302854442126
2222,0.147236761228476
2223,0.147139080158585
2224,0.14703047250287
2225,0.146910528541338
2226,0.146762668992335
2227,0.146609499682544
2228,0.146440745669233
2229,0.146246072180506
2230,0.146041185886471
2231,0.145817587187103
2232,0.145571603426201
2233,0.145308009841808
2234,0.145022223955684
2235,0.144703540771556
2236,0.144360076395949
2237,0.144001038915142
2238,0.143623238256739
2239,0.143218127402765
2240,0.142790939293938
2241,0.142342301202926
2242,0.141874006363398
2243,0.141383957655027
2244,0.140889030925389
2245,0.140374517248484
2246,0.139831216056309
2247,0.13926516969413
2248,0.13866400505779
2249,0.138045868659882
2250,0.137423825237732
2251,0.136795111200383
2252,0.136166010573135
2253,0.13551528865143
2254,0.134853115597212
2255,0.134181892751084
2256,0.133480184908789
2257,0.13279738018501
2258,0.132114317652917
2259,0.131411638079053
2260,0.130736093213542
2261,0.130046790770866
2262,0.129357936433026
2263,0.128702334625566
2264,0.128030362304811
2265,0.127374739861604
2266,0.126768323618713
2267,0.126177462568752
2268,0.125625762101813
2269,0.125102231998592
2270,0.124621335962889
2271,0.124148400583829
2272,0.123712140295592
2273,0.123301892211145
2274,0.122919511174215
2275,0.122568266738302
2276,0.122223548184424
2277,0.121887575167662
2278,0.121573193354643
2279,0.121268356655627
2280,0.120967335128781
2281,0.120663188075307
2282,0.12034737391005
2283,0.120027860127401
2284,0.119699261724516
2285,0.119368542943018
2286,0.119040748061317
2287,0.118710031660592
2288,0.118378292441689
2289,0.11803451890967
2290,0.117673463160156
2291,0.117307454152612
2292,0.11692009121969
2293,0.116525449391089
2294,0.116131422826457
2295,0.115723929320319
2296,0.11533003688177
2297,0.114948342232776
2298,0.114577494393605
2299,0.114220832618206
2300,0.11386059121289
2301,0.113504694061805
2302,0.113155348273976
2303,0.112830161669011
2304,0.112531338885706
2305,0.112253575108342
2306,0.112002100511964
2307,0.111774754048359
2308,0.111583103200096
2309,0.111418650467237
2310,0.111295975280538
2311,0.111213290815504
2312,0.111158739312004
2313,0.111125636131899
2314,0.111106484816693
2315,0.111103988926667
2316,0.111103848545379
2317,0.111100768167085
2318,0.111103270755728
2319,0.111083020220377
2320,0.111041699337103
2321,0.110995247260045
2322,0.110919098822771
2323,0.110808607140747
2324,0.110677370068357
2325,0.110508173145372
2326,0.110319370211728
2327,0.110129655596006
2328,0.10993753515451
2329,0.109730080209753
2330,0.109501697076258
2331,0.109272130399965
2332,0.109029490654148
2333,0.108794057752154
2334,0.108589619171958
2335,0.108375285482014
2336,0.108159894323967
2337,0.107942316664211
2338,0.107700972864928
2339,0.107490049257335
2340,0.107295983563788
2341,0.1070976361618
2342,0.106919959385104
2343,0.10672588464187
2344,0.106525368682717
2345,0.106335333633457
2346,0.106139522324788
2347,0.105946983869761
2348,0.105752620466781
2349,0.105578822530688
2350,0.105415567916142
2351,0.105243631425395
2352,0.10508635448967
2353,0.104925035629962
2354,0.104760140919066
2355,0.104609593360155
2356,0.104441189448142
2357,0.104272706126871
2358,0.104096160560683
2359,0.103929046401301
2360,0.103770278169383
2361,0.103605655603079
2362,0.103435606684068
2363,0.103259193151603
2364,0.103075283004079
2365,0.102890535119744
2366,0.102713031383825
2367,0.102528194593008
2368,0.102327381017797
2369,0.102145794645709
2370,0.101952071042832
2371,0.10178197639978
2372,0.101652366432909
2373,0.101497990008879
2374,0.101337170192356
2375,0.101199200403899
2376,0.101049383003052
2377,0.100918346317352
2378,0.100833817512272
2379,0.100718293299299
2380,0.100600511520864
2381,0.100463080086568
2382,0.100299537862187
2383,0.100142954010013
2384,0.0999726950794204
2385,0.0998234701863043
2386,0.0996944567819715
2387,0.099538149779621
2388,0.0993689512965536
2389,0.0992097987214441
2390,0.0990514182260108
2391,0.0988746295656793
2392,0.0987043423893625
2393,0.0985264792824484
2394,0.0983061857265054
2395,0.0981142988644126
2396,0.097936690145474
2397,0.0977676808959508
2398,0.0976106444135331
2399,0.097455686450457
2400,0.0973257359388079
2401,0.0971739146878755
2402,0.0970137176762994
2403,0.0968453107259474
2404,0.0966531650182725
2405,0.0964859341561451
2406,0.0963257994329525
2407,0.096168248453397
2408,0.0960271578874458
2409,0.095877039648792
2410,0.0957130225510743
2411,0.0955723566452994
2412,0.0954696181163125
2413,0.0953177641692015
2414,0.0951418440462739
2415,0.0949828391687882
2416,0.0948059085282173
2417,0.0946290050803585
2418,0.0944763897467692
2419,0.0942907135826175
2420,0.0940528737722021
2421,0.0938626594919616
2422,0.0936983485068494
2423,0.0935192201431718
2424,0.0933643653043004
2425,0.0931763535567693
2426,0.0929614975480661
2427,0.0927342869570242
2428,0.0924944303785082
2429,0.0922613061792187
2430,0.0920084285263075
2431,0.0917658474746109
2432,0.0915328028873872
2433,0.0912763822717753
2434,0.0910079112381639
2435,0.0907486238373324
2436,0.09049391888851
2437,0.090223719233379
2438,0.0899289413720007
2439,0.0896762761634273
2440,0.0894471371764372
2441,0.0891906606273287
2442,0.0889580536451427
2443,0.0886936425635778
2444,0.088382628312011
2445,0.0880781167856729
2446,0.0877664163699075
2447,0.0874944802576685
2448,0.087222723944484
2449,0.0869580385919057
2450,0.0867218324411389
2451,0.0864903888204095
2452,0.0862697495528124
2453,0.086041089730655
2454,0.0858154221786348
2455,0.0856221544673024
2456,0.0854316214412858
2457,0.0852336173655799
2458,0.0850691824949672
2459,0.0848980855986052
2460,0.0847010888854955
2461,0.0845150799090067
2462,0.0843652521765852
2463,0.0841907428817405
2464,0.0839909176158767
2465,0.0838221835136375
2466,0.0836430694899893
2467,0.0834664269417121
2468,0.0832497542513993
2469,0.0830765336225641
2470,0.0829147647788084
2471,0.082771616340507
2472,0.0826724191489988
2473,0.0824964770619317
2474,0.0823149899954812
2475,0.0821436056355129
2476,0.0819488499283345
2477,0.0818217469742454
2478,0.0817215532605373
2479,0.0815883421417659
2480,0.0814242135385966
2481,0.0812478409163822
2482,0.0810929860711302
2483,0.0809769800416273
2484,0.0808909576769833
2485,0.0808342531477418
2486,0.0807619722759887
2487,0.0806803143854011
2488,0.0806288206303886
2489,0.0805883648239696
2490,0.0805579694616871
2491,0.0805696958991641
2492,0.0805400883463063
2493,0.0804839638072844
2494,0.0804618425501969
2495,0.0804423586837762
2496,0.0804156557409467
2497,0.080414708229347
2498,0.0803990989574449
2499,0.0803264210424076
2500,0.0803237438285488
